subject_id,session_id,epoch_id,data_provenance,ch0_delta,ch0_theta,ch0_alpha,ch0_beta,ch0_gamma,ch1_delta,ch1_theta,ch1_alpha,ch1_beta,ch1_gamma,ch2_delta,ch2_theta,ch2_alpha,ch2_beta,ch2_gamma,ch3_delta,ch3_theta,ch3_alpha,ch3_beta,ch3_gamma
SYN-BP-000,SYN-BP-000-SESS-0,0,synthetic,1.4522,1.8554,2.7268,1.5315,1.6733,1.8479,0.9379,1.5836,1.8824,2.4751,0.3192,1.024,0.3281,2.4071,2.1247,0.337,3.5715,2.9565,2.1715,1.647
SYN-BP-000,SYN-BP-000-SESS-0,1,synthetic,1.5578,1.836,2.9002,1.4568,1.7184,1.9993,0.9099,1.6857,1.7134,2.4658,0.1491,0.9842,0.2919,2.6184,2.1226,0.4547,3.5229,2.9639,2.1757,1.8022
SYN-BP-000,SYN-BP-000-SESS-0,2,synthetic,1.6583,1.7564,2.6667,1.6905,1.6874,2.0456,0.969,1.5512,1.9386,2.7032,0.2683,1.0991,0.2455,2.3789,2.0136,0.3868,3.5568,2.965,2.1633,1.8606
SYN-BP-000,SYN-BP-000-SESS-0,3,synthetic,1.4049,1.8684,2.8473,1.4653,1.4839,1.8579,0.9053,1.7176,1.85,2.4252,0.2508,1.0887,0.217,2.2303,2.1055,0.5806,3.5456,2.8023,2.1161,1.7473
SYN-BP-000,SYN-BP-000-SESS-0,4,synthetic,1.7299,1.8509,2.7474,1.6502,1.6547,2.1347,0.8131,1.6173,1.7673,2.668,0.316,1.054,0.0506,2.396,1.9638,0.296,3.5038,2.8605,2.2361,1.7333
SYN-BP-000,SYN-BP-000-SESS-0,5,synthetic,1.4477,1.801,2.7789,1.5803,1.6152,1.9253,0.7452,1.8252,1.8404,2.5077,0.2028,0.9002,0.2498,2.4879,2.243,0.374,3.3674,2.6496,2.2983,1.744
SYN-BP-000,SYN-BP-000-SESS-0,6,synthetic,1.3201,1.8072,2.5752,1.8425,1.7748,2.0058,0.8641,1.4508,1.6826,2.3701,0.3102,0.8099,0.142,2.5893,2.1892,0.2312,3.2918,2.982,2.2426,1.6264
SYN-BP-000,SYN-BP-000-SESS-0,7,synthetic,1.4116,1.7198,2.6171,1.4265,1.788,2.0175,1.0872,1.6562,1.6817,2.4274,0.2382,0.8925,0.0551,2.537,2.1689,0.433,3.5784,2.9193,2.0855,1.7337
SYN-BP-000,SYN-BP-000-SESS-1,0,synthetic,1.4825,1.5333,2.4583,1.2379,1.6979,1.9557,0.747,1.6817,1.9315,2.2702,0.6361,0.9865,0.082,2.6043,2.0615,0.6147,2.9186,2.9694,2.0692,1.7867
SYN-BP-000,SYN-BP-000-SESS-1,1,synthetic,1.5196,1.5883,2.5565,1.2928,1.6414,1.8464,0.6124,1.722,1.9263,2.6728,0.7,0.933,0.1369,2.5861,2.0737,0.4493,3.0204,3.0763,2.0707,1.5326
SYN-BP-000,SYN-BP-000-SESS-1,2,synthetic,1.3107,1.4943,2.6229,1.0454,1.5944,1.8062,0.5839,1.8575,2.1033,2.5154,0.6323,0.8653,0.1455,2.6711,1.999,0.3993,2.8744,2.9417,2.0065,1.7214
SYN-BP-000,SYN-BP-000-SESS-1,3,synthetic,1.4461,1.5769,2.6799,1.2156,1.6964,1.9474,0.4912,1.692,1.8978,2.5984,0.7759,0.8038,0.2633,2.5416,1.999,0.4588,2.9684,2.8705,2.0454,1.4879
SYN-BP-000,SYN-BP-000-SESS-1,4,synthetic,1.4596,1.8095,2.8071,1.2478,1.449,1.8266,0.5519,2.046,2.0476,2.4349,0.7399,0.9801,0.0,2.5267,2.0144,0.5158,3.014,3.0184,2.1645,1.5529
SYN-BP-000,SYN-BP-000-SESS-1,5,synthetic,1.3209,1.7522,2.5699,1.3252,1.4616,1.8507,0.7278,1.7186,2.1003,2.4688,0.6866,0.9132,0.1803,2.7002,1.998,0.6704,2.9226,2.9592,2.2166,1.5049
SYN-BP-000,SYN-BP-000-SESS-1,6,synthetic,1.3735,1.6913,2.655,1.1039,1.6717,2.0557,0.7654,1.8237,1.9305,2.4781,0.5311,0.9001,0.1397,2.5653,2.1566,0.4909,2.855,3.1574,2.0383,1.5668
SYN-BP-000,SYN-BP-000-SESS-1,7,synthetic,1.3972,1.5662,2.4336,1.2565,1.8395,1.8066,0.6322,1.9601,2.065,2.5841,0.7326,0.7297,0.072,2.5927,2.0882,0.6433,3.0477,3.0285,2.1495,1.5904
SYN-BP-000,SYN-BP-000-SESS-2,0,synthetic,1.4245,1.7746,2.8185,1.2711,1.539,1.9522,0.8986,1.6001,2.1635,2.4953,0.3733,1.3568,0.3672,2.7874,2.0724,0.3915,2.8739,3.0458,2.0883,2.1719
SYN-BP-000,SYN-BP-000-SESS-2,1,synthetic,1.5554,1.7775,2.7497,1.3315,1.3692,2.0964,0.9758,1.7896,2.0015,2.3448,0.5117,1.1393,0.1277,2.4305,1.8795,0.4236,2.8775,2.9206,2.1127,2.1439
SYN-BP-000,SYN-BP-000-SESS-2,2,synthetic,1.3897,1.8301,2.6857,1.3582,1.5207,2.0711,1.0727,1.5253,2.1323,2.5255,0.6908,1.2424,0.1308,2.4767,1.9795,0.5257,2.7576,2.8749,2.0779,2.1171
SYN-BP-000,SYN-BP-000-SESS-2,3,synthetic,1.4453,1.6847,2.7829,1.4817,1.4869,1.9075,0.9295,1.8387,2.0746,2.5439,0.6041,1.0372,0.2403,2.246,1.9616,0.3524,2.7671,2.8157,2.2707,2.1072
SYN-BP-000,SYN-BP-000-SESS-2,4,synthetic,1.4923,2.0883,2.7308,1.2084,1.534,1.9155,1.0731,1.6576,2.0342,2.3847,0.4729,1.0475,0.2895,2.3988,1.9703,0.5206,2.9567,2.8913,2.001,2.0197
SYN-BP-000,SYN-BP-000-SESS-2,5,synthetic,1.5307,2.1076,2.6911,1.3033,1.424,1.8997,0.812,1.7617,2.2356,2.5452,0.4121,0.9876,0.3174,2.4339,1.9089,0.3176,2.8589,2.9863,2.1537,2.1473
SYN-BP-000,SYN-BP-000-SESS-2,6,synthetic,1.4714,1.9006,2.7356,1.5991,1.3805,1.9724,1.036,1.7556,2.2347,2.5409,0.4777,1.112,0.158,2.3395,2.2531,0.4908,2.9237,2.9805,2.148,2.229
SYN-BP-000,SYN-BP-000-SESS-2,7,synthetic,1.4771,1.8462,2.8352,1.3465,1.3607,1.9866,0.8547,1.8435,2.0202,2.4392,0.43,1.3044,0.2913,2.4526,2.0325,0.4559,2.956,3.0247,1.9266,2.2629
SYN-BP-001,SYN-BP-001-SESS-0,0,synthetic,2.2591,0.449,2.8413,2.7125,0.0785,2.7367,1.2916,1.5047,2.7907,1.0843,1.875,2.5389,2.6284,1.5146,2.916,2.4809,2.0961,0.6976,1.9554,1.2607
SYN-BP-001,SYN-BP-001-SESS-0,1,synthetic,2.4381,0.465,2.7583,2.7867,0.1175,2.8954,1.3127,1.6585,2.7826,0.6142,1.7428,2.6654,2.6449,1.3756,2.9379,2.3078,2.0607,0.7655,2.0281,1.1815
SYN-BP-001,SYN-BP-001-SESS-0,2,synthetic,2.1383,0.14,2.8349,2.9431,0.1918,2.5886,1.204,1.6117,2.9561,0.9219,1.7343,2.6624,2.4882,1.4607,2.8965,2.2992,2.1357,0.6909,2.0265,1.4141
SYN-BP-001,SYN-BP-001-SESS-0,3,synthetic,2.3836,0.4292,2.8684,2.6789,0.1859,2.8681,1.1894,1.6949,2.7555,0.8423,1.6648,2.5171,2.8009,1.3897,3.0216,2.321,2.1573,0.6496,1.9512,1.3627
SYN-BP-001,SYN-BP-001-SESS-0,4,synthetic,2.5041,0.3027,2.8935,2.9257,0.1342,2.8848,1.2117,1.6299,2.8325,0.9263,1.734,2.5234,2.6605,1.3957,3.0049,2.5276,2.1889,0.6748,2.1121,1.2875
SYN-BP-001,SYN-BP-001-SESS-0,5,synthetic,2.185,0.352,3.0344,2.8005,0.2095,2.7795,1.1216,1.5185,2.8245,0.8259,1.6803,2.4292,2.7163,1.5778,3.0321,2.5066,2.0849,0.6697,2.0243,1.4381
SYN-BP-001,SYN-BP-001-SESS-0,6,synthetic,2.1409,0.3645,2.8209,2.8868,0.3437,2.7842,1.1662,1.5745,2.7603,0.6508,1.7862,2.5903,2.6624,1.3743,3.0394,2.2325,2.2347,0.549,2.1308,1.2332
SYN-BP-001,SYN-BP-001-SESS-0,7,synthetic,2.1539,0.3639,2.9262,2.7319,0.1479,2.8407,1.2733,1.263,2.7459,0.8478,1.7274,2.7436,2.5251,1.7612,3.0098,2.4078,2.2379,0.8256,2.003,1.2087
SYN-BP-001,SYN-BP-001-SESS-1,0,synthetic,2.4353,0.6124,2.7632,2.6319,0.236,2.6783,1.3744,1.6413,3.1777,1.1944,1.6083,2.6709,2.1534,1.6024,3.0121,3.0106,1.7782,0.6357,2.1309,1.3273
SYN-BP-001,SYN-BP-001-SESS-1,1,synthetic,2.3256,0.5328,2.6535,2.546,0.508,2.8006,1.4108,1.7033,3.0288,1.0316,1.3712,2.5252,2.2593,1.7462,3.1591,2.8491,2.0042,0.6989,2.1237,1.1666
SYN-BP-001,SYN-BP-001-SESS-1,2,synthetic,2.518,0.4432,2.6753,2.6346,0.3643,2.7659,1.5724,1.5969,2.9998,1.0534,1.6024,2.6637,2.3099,1.6014,3.0904,2.6493,1.701,0.6644,2.1217,1.4774
SYN-BP-001,SYN-BP-001-SESS-1,3,synthetic,2.4166,0.4838,2.7606,2.7181,0.3208,2.7842,1.3477,1.7512,3.0255,1.1815,1.3234,2.8266,2.342,1.4954,3.1558,2.7174,1.8003,0.626,1.9162,1.2761
SYN-BP-001,SYN-BP-001-SESS-1,4,synthetic,2.7576,0.4242,2.7055,2.6141,0.4141,2.6967,1.356,1.7211,2.9196,1.2064,1.4615,2.8573,2.2694,1.69,3.0484,2.6211,1.9397,0.6538,2.0034,1.231
SYN-BP-001,SYN-BP-001-SESS-1,5,synthetic,2.4695,0.3649,2.7129,2.7133,0.407,2.6108,1.4879,1.7253,3.0163,1.0053,1.6375,2.8029,2.3004,1.6662,3.0264,2.7314,1.9113,0.6468,1.8741,1.3091
SYN-BP-001,SYN-BP-001-SESS-1,6,synthetic,2.4687,0.2194,2.617,2.7378,0.4609,2.7611,1.3187,1.7242,3.1221,1.0998,1.5038,2.6487,2.3611,1.6336,2.9794,2.8313,1.8951,0.7576,1.8421,1.3092
SYN-BP-001,SYN-BP-001-SESS-1,7,synthetic,2.5116,0.2815,2.7776,2.8219,0.5793,2.6797,1.3739,1.7277,3.0461,1.2427,1.697,2.7544,2.2311,1.4377,3.1372,2.9375,1.7723,0.6497,2.083,1.3569
SYN-BP-001,SYN-BP-001-SESS-2,0,synthetic,2.0387,0.4403,2.8114,3.2781,0.3294,2.8076,1.6523,1.8097,3.2005,1.1394,1.7162,2.7532,2.0678,1.3959,3.2562,2.0909,1.8754,0.4275,2.1547,1.6538
SYN-BP-001,SYN-BP-001-SESS-2,1,synthetic,2.1249,0.34,2.8654,3.225,0.2422,2.8375,1.6127,1.8118,3.057,1.0896,1.4626,2.7509,2.0878,1.4187,3.4649,2.2007,1.8728,0.3562,2.0398,1.5636
SYN-BP-001,SYN-BP-001-SESS-2,2,synthetic,2.0983,0.0666,2.4819,3.1765,0.4017,2.6965,1.6006,1.8792,2.94,1.0394,1.3597,2.7527,1.9172,1.5574,3.3195,2.2652,1.9411,0.1247,2.1335,1.5369
SYN-BP-001,SYN-BP-001-SESS-2,3,synthetic,2.0909,0.148,2.7722,3.1266,0.3754,2.9403,1.5898,1.8198,3.2847,1.1762,1.4072,2.7604,2.0797,1.562,3.3372,2.2724,2.195,0.199,2.0473,1.4977
SYN-BP-001,SYN-BP-001-SESS-2,4,synthetic,1.9306,0.319,2.8331,3.3108,0.1008,2.7755,1.8347,1.9244,3.2272,1.214,1.4834,2.7715,2.1177,1.5521,3.3176,2.267,2.1192,0.2243,2.0737,1.7274
SYN-BP-001,SYN-BP-001-SESS-2,5,synthetic,2.0635,0.2176,3.0137,3.1893,0.2565,2.9734,1.9421,1.7105,3.0717,1.1385,1.4165,2.9896,2.167,1.428,3.3829,2.1553,1.9134,0.3474,2.3875,1.4459
SYN-BP-001,SYN-BP-001-SESS-2,6,synthetic,2.1319,0.3684,2.8779,3.3399,0.3433,2.8783,1.6772,1.7358,3.3022,1.0085,1.4678,2.7201,2.036,1.2456,3.2957,2.2486,1.9882,0.4213,2.1325,1.6068
SYN-BP-001,SYN-BP-001-SESS-2,7,synthetic,2.1206,0.2998,2.7135,2.9958,0.1957,2.9694,1.7902,1.7328,3.1499,1.2107,1.613,2.7066,2.0905,1.6088,3.575,2.3879,1.8598,0.3817,2.1188,1.665
SYN-BP-002,SYN-BP-002-SESS-0,0,synthetic,1.6867,1.0378,0.7865,2.7483,0.4545,0.8216,1.8963,0.7877,0.7262,1.4786,0.8347,2.7358,3.0987,0.2186,1.3081,2.2757,1.0222,3.0748,1.856,0.5412
SYN-BP-002,SYN-BP-002-SESS-0,1,synthetic,1.5629,0.8698,0.7819,2.5475,0.5337,0.89,2.1101,0.9011,0.8201,1.4839,0.798,2.8166,3.1398,0.3034,1.4433,2.3002,1.119,3.0256,1.7458,0.2917
SYN-BP-002,SYN-BP-002-SESS-0,2,synthetic,1.7719,0.9608,0.7168,2.6713,0.5101,0.816,1.8574,0.8894,0.9642,1.5633,0.6514,2.7297,3.0543,0.2236,1.4497,2.1974,0.9709,2.9488,1.6247,0.4635
SYN-BP-002,SYN-BP-002-SESS-0,3,synthetic,2.0021,0.9935,0.7764,2.4565,0.4909,0.8972,1.9558,0.8544,0.6831,1.6236,0.7507,2.7523,3.1188,0.1894,1.5055,2.2577,1.0163,2.8683,1.575,0.5736
SYN-BP-002,SYN-BP-002-SESS-0,4,synthetic,1.7645,0.8217,0.847,2.5457,0.3308,0.9413,1.8983,0.9967,0.9284,1.6583,0.8614,2.7993,3.0171,0.2634,1.4319,2.3422,0.9976,2.998,1.8108,0.4389
SYN-BP-002,SYN-BP-002-SESS-0,5,synthetic,1.7205,0.8709,0.734,2.6448,0.4471,0.7328,2.0233,0.8974,0.9408,1.6391,0.6329,2.8252,2.9652,0.1283,1.37,2.2769,1.1238,2.8598,1.676,0.2857
SYN-BP-002,SYN-BP-002-SESS-0,6,synthetic,1.6935,0.9111,0.7197,2.7073,0.6606,0.9247,1.9481,1.0311,0.8751,1.5641,0.7523,2.7295,3.0377,0.22,1.3861,2.2183,0.9967,2.9935,1.6082,0.4305
SYN-BP-002,SYN-BP-002-SESS-0,7,synthetic,1.6556,0.8475,0.7401,2.4723,0.5221,0.8755,1.9963,1.0334,0.8266,1.6235,0.8579,2.6305,2.9583,0.2943,1.4132,2.2608,1.1762,2.918,1.4937,0.372
SYN-BP-002,SYN-BP-002-SESS-1,0,synthetic,1.911,1.0428,0.8153,2.2819,0.4952,1.2667,2.0717,0.6527,1.1329,1.7613,0.6398,2.5425,2.8245,0.3393,1.5558,2.4161,1.2882,2.9962,1.6935,0.8297
SYN-BP-002,SYN-BP-002-SESS-1,1,synthetic,1.9074,0.9196,0.7065,2.2218,0.5837,1.2362,2.2293,0.4837,1.0447,1.8021,0.722,2.7671,2.6448,0.195,1.5445,2.4556,1.3549,2.8962,1.4863,0.6904
SYN-BP-002,SYN-BP-002-SESS-1,2,synthetic,1.916,1.0324,0.7106,2.3394,0.5638,1.1553,2.1524,0.5499,1.1339,1.7436,0.644,2.7517,2.8875,0.3516,1.6552,2.4234,1.1632,2.8908,1.7086,0.791
SYN-BP-002,SYN-BP-002-SESS-1,3,synthetic,1.9458,1.0232,0.5966,2.1596,0.3588,1.1809,1.9539,0.4947,1.1441,1.6364,0.559,2.8348,2.7696,0.5061,1.5784,2.2126,1.376,2.9151,1.6584,0.9078
SYN-BP-002,SYN-BP-002-SESS-1,4,synthetic,1.8753,0.985,0.6854,2.2137,0.4916,1.099,2.135,0.6404,1.0273,1.7097,0.6263,2.6591,2.8659,0.3744,1.7548,2.4496,1.2775,3.0283,1.5992,0.6769
SYN-BP-002,SYN-BP-002-SESS-1,5,synthetic,2.1086,1.1485,0.7641,2.1296,0.4895,1.3416,2.1576,0.4693,1.0396,1.5795,0.659,2.5766,2.7463,0.5057,1.733,2.1992,1.099,2.914,1.546,0.6557
SYN-BP-002,SYN-BP-002-SESS-1,6,synthetic,2.0915,0.8205,0.8101,2.2226,0.4572,1.1592,2.1355,0.5802,0.8514,1.5322,0.7307,2.6536,2.7913,0.2635,1.5615,2.2821,1.4681,2.8352,1.734,0.8379
SYN-BP-002,SYN-BP-002-SESS-1,7,synthetic,2.0255,0.9974,0.705,2.3117,0.5429,1.2206,2.1177,0.5852,0.945,1.6236,0.6178,2.7249,2.8907,0.1783,1.6087,2.4535,1.0685,2.8422,1.6819,0.7785
SYN-BP-002,SYN-BP-002-SESS-2,0,synthetic,1.8489,0.8313,0.9959,2.3149,0.5324,1.0921,2.0797,0.8778,0.9652,1.9323,0.6056,2.7484,2.9244,0.1665,1.5261,2.2614,1.2242,2.8559,1.4823,1.0235
SYN-BP-002,SYN-BP-002-SESS-2,1,synthetic,2.0262,0.5781,0.7513,2.4348,0.4667,1.0006,2.4802,0.8524,0.9346,1.767,0.6028,2.8678,2.8449,0.3722,1.4764,2.2211,1.3158,2.9686,1.3427,0.7595
SYN-BP-002,SYN-BP-002-SESS-2,2,synthetic,1.8571,0.6624,0.7834,2.4753,0.5566,0.9111,2.4662,0.8382,1.0023,1.7092,0.6875,2.6652,2.9076,0.2488,1.3442,2.1833,1.228,3.0343,1.4217,0.6384
SYN-BP-002,SYN-BP-002-SESS-2,3,synthetic,1.7202,0.9269,0.8795,2.4329,0.5494,1.0126,2.4952,0.8926,0.9021,1.6715,0.7032,2.6126,2.8627,0.2039,1.4516,2.2509,1.2388,3.0581,1.6403,0.7975
SYN-BP-002,SYN-BP-002-SESS-2,4,synthetic,1.7419,0.87,0.6887,2.3116,0.5343,1.2599,2.3481,0.9934,1.1358,1.9266,0.4765,2.8472,2.9086,0.3611,1.3908,2.1564,1.2794,3.1211,1.6058,0.7621
SYN-BP-002,SYN-BP-002-SESS-2,5,synthetic,1.8524,0.9057,0.9852,2.3649,0.4119,0.9891,2.3775,0.7879,0.75,1.6008,0.7958,2.6277,2.7597,0.2565,1.5515,2.3419,1.2608,2.8702,1.4695,0.7006
SYN-BP-002,SYN-BP-002-SESS-2,6,synthetic,1.7601,0.8677,0.8236,2.2915,0.451,1.0596,2.3444,0.7642,0.7938,1.6659,0.7608,2.7142,2.5808,0.322,1.4013,2.1302,1.2763,2.6718,1.3582,0.9065
SYN-BP-002,SYN-BP-002-SESS-2,7,synthetic,2.0267,1.0368,0.8558,2.3727,0.5542,0.94,2.594,0.7705,0.941,1.6259,0.7452,2.7367,2.9972,0.1456,1.407,2.3981,1.1825,3.0076,1.5662,0.7411
SYN-BP-003,SYN-BP-003-SESS-0,0,synthetic,0.9304,1.9733,0.2048,1.9894,2.1255,1.2521,1.3121,2.6704,2.7788,2.5121,1.8694,2.6181,2.657,0.8306,1.1923,0.3979,0.1955,1.3738,2.6241,2.559
SYN-BP-003,SYN-BP-003-SESS-0,1,synthetic,0.8883,2.1507,0.0898,2.0017,1.9261,1.3476,1.1892,2.7626,2.6632,2.6928,1.8666,2.7647,2.4591,1.0268,1.1515,0.3934,0.3239,1.2385,2.5327,2.3112
SYN-BP-003,SYN-BP-003-SESS-0,2,synthetic,1.0187,2.0779,0.1117,1.9815,1.9327,1.4475,1.2368,2.7829,2.6156,2.4957,1.8655,2.5946,2.564,0.7891,1.1201,0.5358,0.3169,1.1026,2.4327,2.3789
SYN-BP-003,SYN-BP-003-SESS-0,3,synthetic,1.226,2.1908,0.2635,1.992,2.0514,1.471,1.2333,2.5542,2.8468,2.4155,2.0508,2.5871,2.4107,0.8538,1.1154,0.5112,0.1683,1.1587,2.8076,2.396
SYN-BP-003,SYN-BP-003-SESS-0,4,synthetic,1.1534,2.0616,0.2515,1.8143,2.0591,1.0259,1.3797,2.6796,2.532,2.6467,1.9711,2.8632,2.5279,0.9286,1.2629,0.5705,0.2312,1.2369,2.6107,2.572
SYN-BP-003,SYN-BP-003-SESS-0,5,synthetic,0.9354,1.9513,0.1788,2.1245,2.1436,1.1856,1.3601,2.7112,2.8481,2.5814,2.1106,2.4939,2.5956,0.8497,1.08,0.4645,0.3685,1.3922,2.5006,2.5595
SYN-BP-003,SYN-BP-003-SESS-0,6,synthetic,1.1451,2.1576,0.2122,1.9732,2.0811,1.3509,1.2909,2.5602,2.6222,2.579,1.9329,2.6739,2.4001,0.796,1.2282,0.4542,0.2675,1.2317,2.6583,2.424
SYN-BP-003,SYN-BP-003-SESS-0,7,synthetic,0.9387,2.1426,0.3517,1.7474,2.1518,1.3649,1.383,2.7863,2.6354,2.4046,1.9789,2.669,2.5513,0.8442,1.1188,0.7392,0.1126,1.1268,2.6379,2.4763
SYN-BP-003,SYN-BP-003-SESS-1,0,synthetic,0.9865,2.1038,0.8435,2.0293,2.4348,1.7734,0.603,2.1524,2.7854,2.3391,1.3531,2.7966,2.2592,0.7101,1.2162,0.2496,0.2979,1.2912,2.4934,2.5528
SYN-BP-003,SYN-BP-003-SESS-1,1,synthetic,0.8737,1.9166,0.5729,2.072,2.2639,1.7892,0.5963,2.0976,2.7309,2.4017,1.2468,2.717,2.3729,0.7173,1.2156,0.4446,0.2257,1.1845,2.5464,2.4772
SYN-BP-003,SYN-BP-003-SESS-1,2,synthetic,1.0521,2.2046,0.9099,2.1183,2.3651,1.6493,0.6235,2.3508,2.8117,2.1548,1.5725,2.7933,2.4649,0.7444,0.9998,0.2916,0.1822,1.2692,2.6349,2.4883
SYN-BP-003,SYN-BP-003-SESS-1,3,synthetic,1.0764,2.0524,0.654,1.8673,2.1986,1.4677,0.7337,2.1624,2.7987,2.1884,1.4143,2.6366,2.2298,0.7374,1.2814,0.4245,0.1922,1.2471,2.6232,2.6814
SYN-BP-003,SYN-BP-003-SESS-1,4,synthetic,1.0224,1.9485,0.7006,2.0039,2.23,1.9576,0.4895,2.0986,2.8026,2.3945,1.2271,2.6907,2.4765,0.8452,1.1917,0.3696,0.1073,1.3258,2.3767,2.3513
SYN-BP-003,SYN-BP-003-SESS-1,5,synthetic,0.9329,2.0636,0.5302,2.0835,2.4514,1.8282,0.766,2.297,2.8049,2.3822,1.4612,2.8135,2.2295,0.637,1.1167,0.4495,0.2475,1.2067,2.3828,2.4978
SYN-BP-003,SYN-BP-003-SESS-1,6,synthetic,1.1742,2.0467,0.6389,1.9021,2.3099,1.8886,0.6308,2.1471,2.9492,2.3673,1.2993,2.8444,2.2048,0.7597,0.9627,0.2656,0.2889,1.2261,2.4094,2.5613
SYN-BP-003,SYN-BP-003-SESS-1,7,synthetic,1.0866,2.011,0.5951,2.1529,2.4725,1.7609,0.5843,2.1296,2.749,2.3438,1.5754,2.6823,2.3468,0.6603,1.2315,0.2966,0.2347,1.403,2.4426,2.523
SYN-BP-003,SYN-BP-003-SESS-2,0,synthetic,0.9899,1.8861,0.66,1.6703,2.3923,1.3996,1.2295,2.2159,2.4221,2.5652,1.7085,2.4965,2.3108,0.466,1.125,0.3778,0.4938,1.3572,2.6242,2.7956
SYN-BP-003,SYN-BP-003-SESS-2,1,synthetic,1.0129,1.9142,0.5696,1.6703,2.4622,1.4005,1.0199,2.3302,2.5462,2.8878,1.9038,2.7713,2.4098,0.6231,1.1506,0.4275,0.2262,1.2584,2.8244,2.6559
SYN-BP-003,SYN-BP-003-SESS-2,2,synthetic,1.0262,1.7794,0.6618,1.5204,2.4787,1.4658,1.2558,2.3512,2.6266,2.5064,1.6812,2.6142,2.3681,0.6446,1.0206,0.4388,0.2061,1.279,2.7097,2.5621
SYN-BP-003,SYN-BP-003-SESS-2,3,synthetic,0.9611,1.8086,0.5533,1.5633,2.4773,1.4196,1.1606,2.4309,2.4391,2.7783,1.9742,2.5172,2.6477,0.5849,1.2603,0.273,0.3875,1.2932,2.6105,2.5799
SYN-BP-003,SYN-BP-003-SESS-2,4,synthetic,0.8968,1.7153,0.7194,1.5355,2.0995,1.4111,1.1524,2.3772,2.6896,2.4607,1.7462,2.6234,2.5044,0.5214,0.9821,0.4381,0.2809,1.0972,2.7761,2.6621
SYN-BP-003,SYN-BP-003-SESS-2,5,synthetic,1.076,1.5432,0.7318,1.4642,2.3036,1.5209,1.2754,2.3837,2.5087,2.777,1.6318,2.6048,2.381,0.5572,1.133,0.6601,0.2981,1.3295,2.7362,2.7761
SYN-BP-003,SYN-BP-003-SESS-2,6,synthetic,1.0203,1.717,0.6914,1.6982,2.343,1.563,1.0984,2.5722,2.548,2.7113,1.6925,2.7043,2.409,0.5072,1.144,0.3337,0.422,1.359,2.7411,2.732
SYN-BP-003,SYN-BP-003-SESS-2,7,synthetic,0.7414,1.9602,0.616,1.6209,2.6094,1.2799,1.0637,2.4027,2.5619,2.4755,1.628,2.7699,2.3713,0.7119,0.9758,0.3634,0.0899,1.3065,2.8557,2.6722
SYN-BP-004,SYN-BP-004-SESS-0,0,synthetic,1.1507,0.5943,2.8148,0.8984,0.9098,2.7762,2.786,2.8123,1.1952,2.6368,0.5969,2.3626,2.7231,0.5987,0.6814,2.1398,2.7516,2.2109,2.8761,1.4287
SYN-BP-004,SYN-BP-004-SESS-0,1,synthetic,1.2688,0.456,2.7855,1.0972,0.8667,2.7198,2.8958,3.0231,0.9785,2.8961,0.6665,2.3424,2.7444,0.6989,0.6692,1.9361,2.659,2.1488,2.7302,1.5532
SYN-BP-004,SYN-BP-004-SESS-0,2,synthetic,1.1739,0.5225,2.8079,0.8647,0.7539,2.7626,2.7748,2.8693,1.1864,2.8577,0.9086,2.2518,2.7036,0.6505,0.3057,1.9,2.7148,2.2734,2.8559,1.4574
SYN-BP-004,SYN-BP-004-SESS-0,3,synthetic,1.1617,0.4075,2.7869,0.9262,0.987,2.7877,2.7886,2.9521,0.8978,2.8993,0.6313,2.3199,2.7768,0.692,0.5785,2.0458,2.6543,2.1318,2.9672,1.5924
SYN-BP-004,SYN-BP-004-SESS-0,4,synthetic,1.0701,0.4532,2.7893,0.9375,0.8226,2.7153,2.8845,2.7776,1.2092,2.7381,0.7222,2.5445,2.5543,0.6882,0.3669,1.834,2.615,2.2212,2.8197,1.7152
SYN-BP-004,SYN-BP-004-SESS-0,5,synthetic,1.1208,0.4351,2.7326,1.0184,0.953,2.5447,3.0831,2.8173,1.0531,2.7313,0.685,2.1517,2.6793,0.6317,0.6277,1.838,2.7379,2.4383,2.9866,1.5467
SYN-BP-004,SYN-BP-004-SESS-0,6,synthetic,1.1145,0.5845,2.5406,0.8119,0.993,2.6413,2.9983,2.9056,1.3434,3.0754,0.7881,2.2663,2.7199,0.8324,0.6089,1.6266,2.6925,2.1778,2.863,1.4952
SYN-BP-004,SYN-BP-004-SESS-0,7,synthetic,1.3277,0.3105,2.7544,0.7543,0.6446,2.5996,2.7873,2.7579,1.0541,2.9573,0.7871,2.3371,2.68,0.6216,0.4957,1.774,2.6884,2.1008,2.8359,1.6026
SYN-BP-004,SYN-BP-004-SESS-1,0,synthetic,1.3457,0.5067,2.6624,0.3971,0.614,3.0479,3.0246,2.7565,1.2813,2.8407,0.9841,2.0953,2.6993,0.897,0.4186,2.1873,3.0119,2.2871,2.5535,1.4952
SYN-BP-004,SYN-BP-004-SESS-1,1,synthetic,1.3582,0.4555,2.4719,0.0889,0.6714,2.9153,2.6621,2.6544,1.2926,2.7329,0.852,2.1063,2.8612,0.9472,0.3856,2.2324,2.9498,2.2133,2.7077,1.2894
SYN-BP-004,SYN-BP-004-SESS-1,2,synthetic,1.3181,0.4762,2.5778,0.2914,0.3635,2.9981,3.0209,2.7206,1.4279,2.7784,0.8119,2.0395,2.8601,0.9204,0.2602,2.0012,2.8438,2.3829,2.6345,1.3074
SYN-BP-004,SYN-BP-004-SESS-1,3,synthetic,1.4991,0.6277,2.6443,0.2961,0.591,2.962,3.0843,2.7866,1.3101,2.7534,1.0358,2.0843,2.6544,0.8558,0.2933,2.3373,3.0246,2.3583,2.7287,1.63
SYN-BP-004,SYN-BP-004-SESS-1,4,synthetic,1.2456,0.5767,2.453,0.3959,0.6009,3.1358,2.9665,2.6372,1.2852,2.8242,0.7652,2.1657,2.7137,0.7724,0.3512,2.2369,2.8537,2.3315,2.7724,1.3574
SYN-BP-004,SYN-BP-004-SESS-1,5,synthetic,1.1962,0.7326,2.7947,0.2459,0.4877,3.0456,2.9902,2.6589,1.3167,2.5028,0.7656,2.017,2.6534,0.9023,0.434,2.2441,2.6913,2.2319,2.6064,1.5652
SYN-BP-004,SYN-BP-004-SESS-1,6,synthetic,1.4514,0.5933,2.6291,0.1948,0.5557,2.9128,2.7395,2.9322,1.4291,2.9527,0.9716,2.1889,2.8695,0.6728,0.3046,2.1588,2.9226,2.1354,2.6896,1.3015
SYN-BP-004,SYN-BP-004-SESS-1,7,synthetic,1.3467,0.7387,2.5049,0.2248,0.6631,2.9546,3.0119,2.6556,1.3205,2.5018,0.8287,2.2682,2.6719,0.8239,0.4779,2.196,3.0782,2.2085,2.6482,1.6086
SYN-BP-004,SYN-BP-004-SESS-2,0,synthetic,1.0883,0.5265,2.6809,0.5683,0.4846,2.4057,2.5527,2.7137,1.0365,3.0368,0.7546,2.1008,2.7553,0.6404,0.6413,1.9473,2.7333,2.194,2.8632,1.6141
SYN-BP-004,SYN-BP-004-SESS-2,1,synthetic,1.1631,0.3367,2.6803,0.4503,0.2368,2.587,2.3818,2.7165,0.8812,2.9499,0.7806,2.2527,2.7894,0.662,0.8008,2.1788,2.5918,2.4644,2.6554,1.5414
SYN-BP-004,SYN-BP-004-SESS-2,2,synthetic,1.3211,0.3465,2.674,0.5814,0.3036,2.5057,2.7029,2.5148,1.0193,3.1024,0.731,2.4163,2.9133,0.5699,0.8265,2.0433,2.5227,2.3384,2.8505,1.4797
SYN-BP-004,SYN-BP-004-SESS-2,3,synthetic,1.017,0.6534,2.4686,0.3817,0.3652,2.5906,2.7058,2.6714,1.0409,3.0797,0.633,2.1247,2.7164,0.6258,0.6182,2.0943,2.5919,2.4482,2.8263,1.5459
SYN-BP-004,SYN-BP-004-SESS-2,4,synthetic,1.1902,0.4408,2.58,0.6233,0.3167,2.6215,2.6165,2.5585,0.919,3.0019,0.8368,2.1494,2.6604,0.4227,0.6076,1.8596,2.5652,2.4255,2.7133,1.4599
SYN-BP-004,SYN-BP-004-SESS-2,5,synthetic,1.0701,0.4005,2.6803,0.2938,0.3259,2.5938,2.5446,2.6753,1.0453,2.8749,0.6953,2.322,2.8947,0.3852,0.5873,1.8295,2.6464,2.2638,2.7243,1.539
SYN-BP-004,SYN-BP-004-SESS-2,6,synthetic,1.4168,0.2124,2.7943,0.4042,0.3897,2.6068,2.6758,2.6284,0.9195,3.0003,0.7878,2.1665,2.8053,0.5225,0.6658,1.969,2.7094,2.4536,2.7947,1.4256
SYN-BP-004,SYN-BP-004-SESS-2,7,synthetic,0.9727,0.3323,2.4738,0.5657,0.2117,2.5007,2.6045,2.75,1.1266,2.9205,0.7323,2.365,2.6785,0.5004,0.5246,1.9034,2.7202,2.3818,2.7872,1.4049
SYN-BP-005,SYN-BP-005-SESS-0,0,synthetic,0.4122,2.4639,1.1865,2.8798,1.7145,0.1994,2.172,0.8977,2.2762,2.0999,2.3507,0.1437,0.3834,2.3824,0.1076,0.859,0.3141,0.7861,1.8171,2.7609
SYN-BP-005,SYN-BP-005-SESS-0,1,synthetic,0.3261,2.4877,0.9944,2.6755,1.6775,0.4348,1.8539,0.9169,2.2767,2.1413,2.4339,0.4071,0.4512,2.4346,0.2628,0.7906,0.1026,0.8176,1.6004,2.6582
SYN-BP-005,SYN-BP-005-SESS-0,2,synthetic,0.3645,2.2783,1.3569,2.8569,1.6632,0.3757,2.0477,0.9222,2.4146,2.1023,2.4009,0.2738,0.3521,2.2288,0.2233,0.7632,0.3539,0.8323,1.739,2.8167
SYN-BP-005,SYN-BP-005-SESS-0,3,synthetic,0.3972,2.5742,1.2098,2.8503,1.5329,0.3066,2.1007,1.0212,2.2455,2.1657,2.3463,0.2624,0.2257,2.297,0.1924,0.7888,0.3928,0.6926,1.6239,2.8495
SYN-BP-005,SYN-BP-005-SESS-0,4,synthetic,0.4029,2.4184,1.0632,2.9023,1.5188,0.4408,2.0485,0.9008,2.3266,2.2519,2.3747,0.0827,0.2038,2.1242,0.2387,0.869,0.3941,0.643,1.9334,2.9528
SYN-BP-005,SYN-BP-005-SESS-0,5,synthetic,0.3415,2.2379,1.0916,2.9013,1.8341,0.2733,1.8384,0.8188,2.5357,2.1694,2.2327,0.047,0.3378,2.4202,0.1506,0.7563,0.2983,0.7437,1.6654,2.7126
SYN-BP-005,SYN-BP-005-SESS-0,6,synthetic,0.2931,2.5606,1.2191,2.899,1.8112,0.098,2.0168,1.0117,2.322,2.1098,2.4133,0.2038,0.1895,2.3086,0.2039,0.7771,0.3806,0.78,1.6727,3.0757
SYN-BP-005,SYN-BP-005-SESS-0,7,synthetic,0.3296,2.4101,1.1645,2.7263,1.4685,0.3466,2.1697,0.7332,2.2676,2.2123,2.3052,0.3099,0.269,2.229,0.1768,0.7243,0.3448,0.5235,1.7616,2.9037
SYN-BP-005,SYN-BP-005-SESS-1,0,synthetic,0.4281,2.3919,1.0722,2.9619,1.6895,0.2793,1.655,0.4714,2.5158,2.2941,2.4088,0.2552,0.4933,2.1462,0.1378,0.5792,0.1129,0.4671,1.4648,3.0239
SYN-BP-005,SYN-BP-005-SESS-1,1,synthetic,0.3494,2.2842,1.1665,2.9387,1.7295,0.4248,1.6841,0.5771,2.5937,2.2712,2.3671,0.303,0.5756,2.2203,0.2838,0.7843,0.0524,0.7042,1.3271,2.9945
SYN-BP-005,SYN-BP-005-SESS-1,2,synthetic,0.3247,2.3777,0.9597,2.9429,1.7717,0.2895,1.7706,0.6082,2.5191,2.2007,2.5477,0.4818,0.2624,2.1293,0.2327,0.7061,0.0915,0.8652,1.508,2.8707
SYN-BP-005,SYN-BP-005-SESS-1,3,synthetic,0.5114,2.292,1.0894,2.9709,1.8693,0.1839,1.9413,0.6433,2.5686,2.3579,2.46,0.3775,0.4815,2.1953,0.4189,0.8143,0.2541,0.7281,1.4395,2.764
SYN-BP-005,SYN-BP-005-SESS-1,4,synthetic,0.5684,2.2641,1.0612,2.9603,1.6511,0.2214,1.733,0.7959,2.5812,2.3908,2.6886,0.4983,0.5301,2.187,0.2426,0.8225,0.379,0.6092,1.6191,2.886
SYN-BP-005,SYN-BP-005-SESS-1,5,synthetic,0.5051,2.4644,1.2433,2.8692,1.7418,0.4163,1.7784,0.6396,2.5375,2.0834,2.4314,0.4866,0.3453,2.0787,0.2624,0.6889,0.283,0.7451,1.5586,2.7521
SYN-BP-005,SYN-BP-005-SESS-1,6,synthetic,0.3663,2.2925,1.0107,2.9766,1.8755,0.2679,1.911,0.6968,2.4316,2.1725,2.5026,0.2614,0.5872,2.0457,0.1908,0.7575,0.1604,0.7837,1.4083,2.9636
SYN-BP-005,SYN-BP-005-SESS-1,7,synthetic,0.369,2.442,1.1555,2.7838,1.6548,0.1173,1.6952,0.6784,2.5435,2.3391,2.6299,0.5031,0.4732,2.1906,0.2752,0.7121,0.3221,0.8218,1.5372,2.8297
SYN-BP-005,SYN-BP-005-SESS-2,0,synthetic,0.5058,2.5967,1.1099,3.1349,1.7643,0.642,1.8581,1.266,2.2287,2.4574,2.4068,0.227,0.2496,2.3564,0.6561,0.9203,0.3638,0.7243,1.5301,2.7168
SYN-BP-005,SYN-BP-005-SESS-2,1,synthetic,0.5276,2.5796,1.3812,3.035,1.6694,0.4754,1.8494,1.0823,2.3442,2.2317,2.217,0.304,0.0,2.2118,0.4999,0.7313,0.3728,0.5178,1.6263,2.7165
SYN-BP-005,SYN-BP-005-SESS-2,2,synthetic,0.453,2.6035,1.2645,3.1639,1.5585,0.6612,1.9459,1.0211,2.3887,2.1946,2.4205,0.1746,0.248,2.2281,0.7215,0.9664,0.3992,0.7323,1.5952,2.553
SYN-BP-005,SYN-BP-005-SESS-2,3,synthetic,0.345,2.4968,1.1144,3.1772,1.5873,0.6374,1.9989,1.0106,2.4157,2.3334,2.1893,0.2963,0.417,2.2327,0.5984,0.7678,0.429,0.8562,1.6414,2.6767
SYN-BP-005,SYN-BP-005-SESS-2,4,synthetic,0.4034,2.4018,1.2444,3.1595,1.7059,0.6605,2.0455,1.2661,2.4683,2.2222,2.3834,0.3904,0.13,2.3715,0.516,0.6818,0.2257,0.7416,1.4852,2.705
SYN-BP-005,SYN-BP-005-SESS-2,5,synthetic,0.2504,2.6286,1.1598,3.0996,1.6112,0.5965,2.1153,1.0807,2.3563,2.3028,2.411,0.3738,0.3002,2.1595,0.6341,0.8682,0.2691,0.7624,1.6665,2.7871
SYN-BP-005,SYN-BP-005-SESS-2,6,synthetic,0.4485,2.5032,1.2023,3.228,1.8318,0.6355,2.0396,1.2123,2.3832,2.2426,2.3511,0.4041,0.1413,2.0649,0.5126,0.9554,0.2584,0.7883,1.6005,2.6108
SYN-BP-005,SYN-BP-005-SESS-2,7,synthetic,0.4798,2.3776,0.9776,3.0359,1.7189,0.5961,2.0871,1.0494,2.3897,2.2351,2.2834,0.4256,0.2023,2.0992,0.6095,1.0565,0.4069,0.6097,1.6574,2.7114
SYN-BP-006,SYN-BP-006-SESS-0,0,synthetic,0.8739,1.2622,2.8831,1.7314,2.5849,0.4209,0.8638,2.173,0.995,0.8131,0.2966,0.2154,1.2032,1.7676,1.39,1.6541,0.8786,0.0,2.0588,1.1806
SYN-BP-006,SYN-BP-006-SESS-0,1,synthetic,0.7004,1.5522,2.8989,2.0254,2.5617,0.6523,0.7523,2.283,1.051,1.0346,0.5505,0.2478,1.1613,1.5887,1.402,1.7135,1.194,0.1371,1.9466,1.1107
SYN-BP-006,SYN-BP-006-SESS-0,2,synthetic,0.9853,1.3317,2.9449,1.9387,2.4338,0.5604,1.0905,2.1178,1.2009,0.9169,0.4573,0.3924,1.2522,1.8503,1.2926,1.853,0.9331,0.1139,2.1661,1.0608
SYN-BP-006,SYN-BP-006-SESS-0,3,synthetic,1.03,1.2772,2.8433,1.989,2.3195,0.5564,0.8421,2.2144,1.2101,0.836,0.5225,0.25,1.2236,1.9498,1.404,1.7679,1.0628,0.1348,1.9993,0.9379
SYN-BP-006,SYN-BP-006-SESS-0,4,synthetic,0.8691,1.4268,3.0941,1.8596,2.4349,0.4098,0.9115,2.1011,1.0443,0.8358,0.3337,0.2215,1.1184,1.9205,1.549,2.0044,1.0739,0.1301,2.1879,1.0854
SYN-BP-006,SYN-BP-006-SESS-0,5,synthetic,1.044,1.2937,2.9408,1.7637,2.4226,0.5045,0.8932,2.083,1.1393,0.8151,0.6293,0.3055,0.9716,1.8091,1.4969,1.7862,0.99,0.0,1.9175,1.056
SYN-BP-006,SYN-BP-006-SESS-0,6,synthetic,0.849,1.3517,2.9629,1.8206,2.4946,0.4151,0.9454,2.3771,1.0704,0.7263,0.4859,0.2501,1.1227,1.8379,1.3986,1.8625,0.9237,0.1384,2.0791,1.0677
SYN-BP-006,SYN-BP-006-SESS-0,7,synthetic,1.0724,1.4066,2.7074,1.8122,2.3878,0.4592,0.8945,2.3044,1.1065,0.8119,0.3869,0.045,1.1154,1.6743,1.4787,1.5558,1.173,0.0,1.9341,1.1501
SYN-BP-006,SYN-BP-006-SESS-1,0,synthetic,0.7945,1.281,2.9574,1.6676,2.4511,0.5049,1.0852,2.159,1.1943,0.9021,0.385,0.3691,1.5626,1.8359,1.4426,1.708,1.0797,0.458,1.7802,1.6284
SYN-BP-006,SYN-BP-006-SESS-1,1,synthetic,0.78,1.22,2.938,1.7018,2.4375,0.477,1.0578,1.9068,1.3128,0.6903,0.6416,0.014,1.5711,1.738,1.4376,1.4999,1.3198,0.2449,1.8809,1.6248
SYN-BP-006,SYN-BP-006-SESS-1,2,synthetic,0.761,1.1359,3.1484,1.9063,2.4064,0.4055,1.0872,2.0522,1.4882,0.8817,0.5274,0.2063,1.4771,1.8493,1.3773,1.8251,1.4012,0.0848,1.9829,1.3716
SYN-BP-006,SYN-BP-006-SESS-1,3,synthetic,0.8541,1.4182,3.0855,1.7803,2.526,0.4315,1.0387,2.0475,1.3286,0.6986,0.7092,0.1376,1.7151,1.7977,1.489,1.5849,1.125,0.2644,1.8013,1.4896
SYN-BP-006,SYN-BP-006-SESS-1,4,synthetic,0.633,1.1946,2.9521,1.665,2.4572,0.2577,0.9072,2.2149,1.2627,0.7693,0.4525,0.1233,1.4729,1.9239,1.3396,1.8305,1.1039,0.3047,2.0673,1.5188
SYN-BP-006,SYN-BP-006-SESS-1,5,synthetic,0.8606,0.9486,2.9435,1.6907,2.5019,0.4378,0.8831,1.9735,1.4342,0.7953,0.5391,0.2066,1.5359,1.7392,1.3358,1.6954,0.9814,0.4377,1.737,1.689
SYN-BP-006,SYN-BP-006-SESS-1,6,synthetic,0.8121,1.2224,3.1086,1.7351,2.508,0.3878,0.9677,1.9945,1.2809,0.6437,0.521,0.0621,1.6669,1.9371,1.6357,1.5767,1.116,0.2482,1.661,1.6776
SYN-BP-006,SYN-BP-006-SESS-1,7,synthetic,0.9341,1.266,3.1727,1.7639,2.4603,0.4436,0.9475,2.117,1.2272,0.8746,0.5071,0.0985,1.4882,1.7127,1.2706,1.7565,1.1329,0.4419,1.8137,1.6164
SYN-BP-006,SYN-BP-006-SESS-2,0,synthetic,0.8003,1.5445,2.7413,1.9453,2.4788,0.0194,0.9029,2.1487,1.3635,1.0906,0.2498,0.4588,1.6576,1.9473,1.313,1.8467,1.15,0.4085,2.3277,0.7108
SYN-BP-006,SYN-BP-006-SESS-2,1,synthetic,1.0776,1.4249,2.7357,1.8956,2.6128,0.0795,0.7752,1.982,0.9874,1.0163,0.4348,0.3673,1.5738,1.7873,1.2589,1.8342,1.2796,0.3755,2.3513,0.8815
SYN-BP-006,SYN-BP-006-SESS-2,2,synthetic,0.8401,1.4445,2.8288,1.7716,2.5827,0.0,0.8321,2.2845,1.3458,1.0586,0.4527,0.4942,1.6288,1.9557,1.3801,1.8506,1.3605,0.5385,2.3367,0.7392
SYN-BP-006,SYN-BP-006-SESS-2,3,synthetic,1.0892,1.2723,2.6325,1.8165,2.4465,0.0,0.804,2.1779,1.1726,1.0094,0.3688,0.5569,1.5013,1.8775,1.3422,1.6847,1.3545,0.3941,2.3121,0.9564
SYN-BP-006,SYN-BP-006-SESS-2,4,synthetic,1.093,1.2481,2.578,1.6918,2.4787,0.0637,0.6757,2.2277,1.3328,0.9536,0.3374,0.56,1.4541,1.8158,1.3398,1.7774,1.2744,0.5055,2.4475,0.9211
SYN-BP-006,SYN-BP-006-SESS-2,5,synthetic,1.0621,1.3185,2.7943,1.8169,2.418,0.1819,0.9919,2.06,1.1818,1.1343,0.2977,0.6928,1.5394,2.0543,1.1863,1.6162,1.1289,0.6931,2.2018,0.8504
SYN-BP-006,SYN-BP-006-SESS-2,6,synthetic,0.9702,1.2916,2.6854,1.8229,2.3577,0.0,0.991,2.2491,1.3127,1.1307,0.3255,0.6232,1.721,1.7756,1.4202,1.5645,1.0833,0.3465,2.174,0.7966
SYN-BP-006,SYN-BP-006-SESS-2,7,synthetic,0.9785,1.4476,2.5956,1.7723,2.2895,0.0,0.8377,2.0771,1.3016,1.0167,0.1619,0.607,1.4342,1.8176,1.1782,1.7278,1.2137,0.3734,2.1995,0.8647
SYN-BP-007,SYN-BP-007-SESS-0,0,synthetic,0.5405,1.2968,2.7262,2.7654,0.7658,1.8889,1.8371,1.724,0.3224,2.066,0.3198,0.6072,0.9876,0.5098,0.5465,0.4438,1.579,0.3324,2.2729,2.3032
SYN-BP-007,SYN-BP-007-SESS-0,1,synthetic,0.3939,1.2087,2.6994,2.7478,0.8577,1.9642,1.6663,1.7562,0.3973,2.1614,0.2836,0.6526,0.6575,0.6095,0.7983,0.6427,1.9179,0.4539,2.2381,2.1631
SYN-BP-007,SYN-BP-007-SESS-0,2,synthetic,0.3522,1.2254,2.6353,2.8496,0.6094,1.9336,1.798,1.7912,0.2247,2.2243,0.3335,0.5815,0.8837,0.8685,0.5657,0.4916,1.4506,0.3845,2.285,2.2639
SYN-BP-007,SYN-BP-007-SESS-0,3,synthetic,0.3421,1.3163,2.6261,2.8305,0.701,1.9007,1.6403,1.6622,0.267,2.1241,0.349,0.5387,1.0165,0.9193,0.5439,0.512,1.6382,0.6015,2.0067,2.2811
SYN-BP-007,SYN-BP-007-SESS-0,4,synthetic,0.4168,1.5081,2.5686,2.9705,0.7039,1.8988,1.5966,1.6525,0.2271,2.1636,0.4547,0.661,1.2428,0.8086,0.6631,0.5412,1.6762,0.3706,2.2078,2.2338
SYN-BP-007,SYN-BP-007-SESS-0,5,synthetic,0.2316,1.3157,2.6466,2.7768,0.8307,1.8633,1.6579,1.8161,0.4913,2.1734,0.3796,0.6062,1.1208,0.5659,0.6365,0.6343,1.5949,0.4497,2.2487,2.1697
SYN-BP-007,SYN-BP-007-SESS-0,6,synthetic,0.46,1.4206,2.6141,2.6941,0.7603,1.8377,1.7076,1.7738,0.1971,2.1964,0.3196,0.8632,0.8514,0.5599,0.7204,0.5355,1.7529,0.4411,2.0842,2.2186
SYN-BP-007,SYN-BP-007-SESS-0,7,synthetic,0.5482,1.3831,2.6081,2.7853,0.9057,1.9237,1.7302,1.7832,0.3612,2.0935,0.3887,0.8324,1.1338,0.6411,0.5134,0.58,1.5869,0.2611,2.1634,2.1487
SYN-BP-007,SYN-BP-007-SESS-1,0,synthetic,0.4663,1.3473,2.6725,3.0883,1.2124,1.9905,1.519,1.8185,0.4386,2.4459,0.5317,0.8254,0.9137,0.5342,0.6367,0.3728,1.5085,0.2735,2.0413,1.8308
SYN-BP-007,SYN-BP-007-SESS-1,1,synthetic,0.5575,1.4462,2.9143,2.943,1.0938,1.9276,1.5408,1.7862,0.4564,2.5733,0.8092,0.8162,1.094,0.5741,0.8414,0.482,1.466,0.3712,1.9533,1.7223
SYN-BP-007,SYN-BP-007-SESS-1,2,synthetic,0.5775,1.5348,2.8139,2.907,0.9186,1.9764,1.4782,1.7487,0.462,2.5564,0.6401,0.8951,0.9091,0.5322,0.5946,0.3718,1.4192,0.3157,2.0167,1.6563
SYN-BP-007,SYN-BP-007-SESS-1,3,synthetic,0.7724,1.1627,2.8868,2.8278,1.0512,1.8678,1.576,1.8691,0.407,2.4579,0.4976,0.7004,0.9178,0.5292,0.6848,0.5539,1.4136,0.2005,1.913,1.8383
SYN-BP-007,SYN-BP-007-SESS-1,4,synthetic,0.4588,1.3962,2.6929,2.8555,1.1181,1.8049,1.5342,1.5588,0.3439,2.5564,0.5433,0.7116,1.0504,0.5039,0.5657,0.4266,1.4724,0.4082,1.9293,1.8714
SYN-BP-007,SYN-BP-007-SESS-1,5,synthetic,0.6108,1.3457,3.0259,2.8259,1.1186,1.9074,1.7799,1.8475,0.5236,2.557,0.7325,0.7262,1.0852,0.4258,0.7308,0.5757,1.5628,0.4519,1.7651,1.7643
SYN-BP-007,SYN-BP-007-SESS-1,6,synthetic,0.5229,1.5058,2.8547,3.0393,1.2209,2.0332,1.4399,1.7412,0.2413,2.6355,0.5714,0.6546,1.0447,0.5503,0.646,0.5912,1.2796,0.2515,1.9361,1.7316
SYN-BP-007,SYN-BP-007-SESS-1,7,synthetic,0.6645,1.3236,2.8527,3.1426,0.9619,1.8441,1.5024,1.7983,0.337,2.5426,0.5149,0.888,1.0458,0.6568,0.6964,0.4849,1.3204,0.3714,1.7729,1.8833
SYN-BP-007,SYN-BP-007-SESS-2,0,synthetic,0.2793,1.418,2.3664,3.2822,0.9674,1.9384,1.7848,1.6545,0.7542,2.2801,0.3972,0.7308,0.8116,0.9322,0.6605,0.5373,1.7477,0.7706,2.1199,2.0824
SYN-BP-007,SYN-BP-007-SESS-2,1,synthetic,0.4523,1.174,2.6989,3.2823,0.8667,2.1837,1.4514,1.97,0.5851,2.3489,0.3361,0.9853,0.827,0.9259,0.524,0.5133,1.7846,0.795,2.1452,2.1694
SYN-BP-007,SYN-BP-007-SESS-2,2,synthetic,0.2219,1.2971,2.5899,3.1245,0.9131,2.0652,1.644,1.9005,0.6493,2.3718,0.5491,0.7716,0.8732,0.8063,0.8033,0.6359,1.7949,0.8362,2.138,2.0336
SYN-BP-007,SYN-BP-007-SESS-2,3,synthetic,0.401,1.1766,2.5143,3.1495,1.0364,2.0779,1.5212,1.9605,0.7443,2.3895,0.3726,0.7373,1.0793,0.9705,1.1112,0.3661,1.5905,0.7652,2.1302,1.9609
SYN-BP-007,SYN-BP-007-SESS-2,4,synthetic,0.4427,1.4189,2.4689,3.2164,0.9343,2.0676,1.794,1.9511,0.5793,2.3346,0.4526,0.6327,0.8452,0.9618,0.7047,0.5463,1.9954,0.8684,2.3123,1.9419
SYN-BP-007,SYN-BP-007-SESS-2,5,synthetic,0.4911,1.2474,2.5904,3.1209,0.7272,2.0993,1.5428,1.9194,0.58,2.4453,0.459,0.8636,0.7603,0.9186,0.7394,0.5711,1.7337,0.751,1.9029,2.0761
SYN-BP-007,SYN-BP-007-SESS-2,6,synthetic,0.2495,1.189,2.6443,2.9031,0.7774,2.1109,1.6658,1.818,0.5826,2.3394,0.2766,0.6949,0.9467,0.774,0.6548,0.5079,1.6227,0.6156,2.1349,1.9517
SYN-BP-007,SYN-BP-007-SESS-2,7,synthetic,0.2723,1.2855,2.6386,3.2235,0.8871,1.9301,1.7993,1.8738,0.7311,2.1969,0.5333,0.9747,0.9197,0.9736,0.611,0.5608,1.7399,0.8737,2.2362,2.0538
SYN-BP-008,SYN-BP-008-SESS-0,0,synthetic,1.8795,1.9107,1.1184,3.0675,1.3836,1.3267,3.121,2.145,1.8464,2.0821,2.2422,1.1073,0.5361,1.859,2.3461,1.6366,0.2536,2.2583,0.6471,2.5759
SYN-BP-008,SYN-BP-008-SESS-0,1,synthetic,1.739,1.7841,0.8291,2.8052,1.3487,1.6165,3.0135,1.9908,1.7649,2.1468,2.0957,0.9511,0.3952,1.9461,2.267,1.7232,0.4741,2.1699,0.7696,2.6284
SYN-BP-008,SYN-BP-008-SESS-0,2,synthetic,1.7477,2.0417,0.9486,2.9014,1.543,1.4654,2.9515,1.8644,1.6396,2.0874,2.2591,1.2337,0.4908,2.1818,2.2683,1.8002,0.497,2.2727,0.887,2.5745
SYN-BP-008,SYN-BP-008-SESS-0,3,synthetic,1.7546,1.8417,1.1478,2.9845,1.2932,1.3933,2.9567,2.112,1.5364,2.1327,2.1521,1.0478,0.5227,2.1383,2.2548,1.949,0.5659,2.3918,0.7372,2.3715
SYN-BP-008,SYN-BP-008-SESS-0,4,synthetic,1.6373,1.8755,1.2085,2.9143,1.3278,1.4665,2.9102,2.0172,1.6512,2.1625,2.223,1.044,0.7047,1.9176,2.174,1.7658,0.5137,2.2926,0.9081,2.6802
SYN-BP-008,SYN-BP-008-SESS-0,5,synthetic,1.8498,1.9302,1.1289,2.9175,1.3945,1.2969,2.9871,2.0466,1.4891,2.1467,2.5014,1.1585,0.4657,2.1314,2.299,1.803,0.6787,2.3542,0.9607,2.4709
SYN-BP-008,SYN-BP-008-SESS-0,6,synthetic,1.8107,1.9096,1.0521,2.8125,1.4062,1.2666,2.8909,2.0299,1.6572,2.1549,2.2055,1.1585,0.5754,1.9945,2.2664,1.7334,0.7081,2.3998,0.7782,2.6821
SYN-BP-008,SYN-BP-008-SESS-0,7,synthetic,1.7667,1.8666,0.9995,2.9742,1.3452,1.3146,2.798,1.9452,1.7247,2.1707,2.141,1.3095,0.4971,1.9578,2.2469,1.7882,0.4898,2.2596,0.8298,2.6409
SYN-BP-008,SYN-BP-008-SESS-1,0,synthetic,1.7699,1.9998,0.8361,2.855,1.3122,1.3858,3.0372,1.9066,1.685,2.2684,2.2689,0.96,0.4358,2.3203,2.1403,1.8188,0.0901,2.3641,0.7303,2.5623
SYN-BP-008,SYN-BP-008-SESS-1,1,synthetic,2.0301,2.0879,0.9675,2.9055,1.4253,1.4165,3.0222,1.8503,1.6605,2.4051,2.1712,1.0805,0.5538,2.2251,2.3534,1.924,0.087,2.3964,0.9124,2.4249
SYN-BP-008,SYN-BP-008-SESS-1,2,synthetic,1.7268,2.0418,0.6912,2.9331,1.3871,1.3391,2.8798,1.7871,1.6107,2.4939,2.3467,1.1189,0.4844,2.3118,2.2937,1.7862,0.2943,2.3008,0.6693,2.3666
SYN-BP-008,SYN-BP-008-SESS-1,3,synthetic,1.825,1.8326,0.6704,2.7176,1.2534,1.3927,2.9643,1.8495,1.6056,2.5113,2.1667,1.1612,0.4815,2.1896,2.2805,2.0465,0.0391,2.4796,0.6796,2.5296
SYN-BP-008,SYN-BP-008-SESS-1,4,synthetic,1.8068,1.791,0.9082,2.8754,1.2667,1.3408,2.7667,1.8759,1.7646,2.388,2.0585,1.0877,0.396,2.0373,2.2835,1.9117,0.1762,2.4587,0.8221,2.3141
SYN-BP-008,SYN-BP-008-SESS-1,5,synthetic,1.9237,2.1553,0.9154,2.6975,1.1901,1.321,2.9243,1.8598,1.6434,2.3839,2.1006,0.9045,0.4624,2.2768,2.3916,1.813,0.203,2.3815,0.6123,2.4034
SYN-BP-008,SYN-BP-008-SESS-1,6,synthetic,2.0615,1.9978,0.7836,2.8452,1.4069,1.4994,2.8058,1.8421,1.5876,2.4358,2.1541,0.8459,0.5714,2.2785,2.3389,1.9004,0.0,2.3486,0.9282,2.5505
SYN-BP-008,SYN-BP-008-SESS-1,7,synthetic,1.9315,1.8799,0.7281,2.897,1.404,1.4179,3.0098,1.9506,1.6166,2.3849,2.2683,1.1175,0.5169,2.0695,2.2275,1.8846,0.2007,2.5141,0.7203,2.4772
SYN-BP-008,SYN-BP-008-SESS-2,0,synthetic,2.2275,2.2016,0.8135,3.0867,1.4059,1.5393,2.6091,1.6896,1.2663,2.1608,2.579,1.2717,0.1927,2.4193,2.0877,1.7249,0.8059,2.0841,0.7739,2.6631
SYN-BP-008,SYN-BP-008-SESS-2,1,synthetic,1.9773,2.0959,0.8695,2.8938,1.3733,1.5849,2.562,1.6278,1.2959,2.1039,2.2508,1.3024,0.0337,2.5378,1.9959,1.7846,0.8458,2.195,0.7889,2.5145
SYN-BP-008,SYN-BP-008-SESS-2,2,synthetic,2.0441,2.1578,0.7654,3.0217,1.4556,1.6537,2.6408,1.7417,1.275,2.1034,2.495,1.08,0.2439,2.4335,2.1588,1.8412,0.6601,2.0824,0.8961,2.385
SYN-BP-008,SYN-BP-008-SESS-2,3,synthetic,2.1407,2.1387,0.7337,3.0243,1.5064,1.5332,2.7107,1.8696,1.302,2.1254,2.5062,1.3843,0.285,2.5381,2.1396,1.8349,1.0075,2.0871,0.7876,2.4626
SYN-BP-008,SYN-BP-008-SESS-2,4,synthetic,2.3739,2.0995,0.7412,2.8798,1.5332,1.5673,2.3708,1.7401,1.4646,2.0385,2.4322,1.4999,0.1821,2.45,2.1918,2.0047,0.8958,1.9349,0.7843,2.5375
SYN-BP-008,SYN-BP-008-SESS-2,5,synthetic,2.1948,2.1036,0.8053,2.8104,1.2917,1.5385,2.7349,1.6302,1.1263,2.1609,2.46,1.2939,0.1899,2.4962,2.1204,1.7649,1.0303,2.0564,0.7602,2.5605
SYN-BP-008,SYN-BP-008-SESS-2,6,synthetic,2.1031,2.3076,0.7764,2.9767,1.2957,1.5875,2.6376,1.7926,1.1255,1.9829,2.1608,1.3811,0.1972,2.6346,2.3209,1.8672,0.7901,2.0753,0.8778,2.3656
SYN-BP-008,SYN-BP-008-SESS-2,7,synthetic,2.259,2.2869,0.8791,2.9099,1.4538,1.375,2.479,1.6828,1.2095,2.2102,2.4671,0.9752,0.3214,2.5222,2.1065,1.6937,1.0592,2.1203,0.826,2.4009
SYN-BP-009,SYN-BP-009-SESS-0,0,synthetic,0.942,1.4777,2.3979,0.5821,2.5023,2.295,1.3658,3.0409,2.0824,2.9281,0.6599,1.727,0.8922,1.3872,2.3256,2.9228,2.6374,2.3645,2.7007,2.3766
SYN-BP-009,SYN-BP-009-SESS-0,1,synthetic,1.0408,1.2899,2.4509,0.5861,2.5313,2.3191,1.4542,3.0828,2.1357,2.8124,0.6799,1.7179,1.0392,1.3606,2.1653,2.9067,2.7165,2.3324,2.5555,2.4432
SYN-BP-009,SYN-BP-009-SESS-0,2,synthetic,1.26,1.3112,2.2671,0.4905,2.5538,2.4269,1.435,3.0886,2.0515,2.6495,0.5579,1.653,0.9251,1.5208,2.1863,3.1771,2.4952,2.4329,2.7917,2.3451
SYN-BP-009,SYN-BP-009-SESS-0,3,synthetic,1.1513,1.2824,2.3131,0.4231,2.465,2.3586,1.2337,3.1707,2.0732,2.8233,0.6884,1.6543,0.8745,1.3682,2.2666,2.9461,2.6578,2.4788,2.7753,2.4121
SYN-BP-009,SYN-BP-009-SESS-0,4,synthetic,1.1687,1.3879,2.027,0.5439,2.5077,2.2329,1.4145,2.8804,2.1117,2.765,0.5295,1.6517,0.9505,1.5103,2.2735,3.1093,2.6787,2.4362,2.9302,2.4289
SYN-BP-009,SYN-BP-009-SESS-0,5,synthetic,1.3465,1.3408,2.3737,0.6081,2.4914,2.3665,1.504,3.0647,2.3526,2.7156,0.6037,1.5824,0.8884,1.243,2.5523,2.859,2.6841,2.2216,2.7223,2.1595
SYN-BP-009,SYN-BP-009-SESS-0,6,synthetic,0.9195,1.2597,2.3093,0.5474,2.2871,2.4444,1.3888,2.8373,2.2843,2.6987,0.5799,1.8084,0.9205,1.4682,2.4358,2.9746,2.6799,2.384,2.7173,2.3367
SYN-BP-009,SYN-BP-009-SESS-0,7,synthetic,1.1558,1.5052,2.3709,0.4184,2.5201,2.3523,1.3949,3.0469,2.174,2.6084,0.7575,1.6432,0.7515,1.4456,2.3881,2.9054,2.5865,2.2199,2.7822,2.2087
SYN-BP-009,SYN-BP-009-SESS-1,0,synthetic,1.3003,1.5093,2.5643,0.3006,2.3955,1.9631,1.5558,2.9301,1.8132,2.2581,0.8616,1.7397,1.0479,1.8918,2.4452,2.8516,2.7,2.3818,3.1091,2.2333
SYN-BP-009,SYN-BP-009-SESS-1,1,synthetic,1.3711,1.4512,2.6106,0.3865,2.2266,2.1037,1.5875,2.8853,1.8491,2.4054,0.9347,1.4732,1.1812,1.921,2.285,3.0017,2.5473,2.3552,2.9726,2.2414
SYN-BP-009,SYN-BP-009-SESS-1,2,synthetic,1.4329,1.3374,2.5332,0.4238,2.3399,2.2206,1.3846,3.0766,2.0049,2.4653,0.8073,1.7405,0.8325,1.8699,2.241,2.9491,2.6351,2.2781,3.1282,2.2882
SYN-BP-009,SYN-BP-009-SESS-1,3,synthetic,1.2264,1.5368,2.5245,0.3056,2.3204,2.0332,1.6535,2.9149,1.6078,2.5794,0.9599,1.4254,1.0273,1.8718,2.3542,2.9805,2.6027,2.4717,2.7971,2.207
SYN-BP-009,SYN-BP-009-SESS-1,4,synthetic,1.3034,1.4587,2.5794,0.5089,2.2709,1.9668,1.4381,2.9468,1.795,2.3788,1.0312,1.6544,1.0793,2.005,2.2187,2.9894,2.8519,2.371,2.9837,2.0913
SYN-BP-009,SYN-BP-009-SESS-1,5,synthetic,1.485,1.5767,2.5462,0.4651,2.3053,1.9376,1.6228,2.8475,1.8747,2.4957,0.8336,1.6388,0.9505,1.8073,2.1839,2.8223,2.6017,2.4423,3.0714,2.0445
SYN-BP-009,SYN-BP-009-SESS-1,6,synthetic,1.3356,1.6951,2.5202,0.4118,2.1596,1.9251,1.6533,2.7971,1.7619,2.4227,0.9044,1.6773,0.9021,1.9392,2.117,2.8564,2.73,2.2883,2.9842,2.1152
SYN-BP-009,SYN-BP-009-SESS-1,7,synthetic,1.5201,1.3667,2.6078,0.5668,2.3313,1.8923,1.5373,2.8381,1.8127,2.3881,0.7663,1.4541,1.1677,1.8002,2.263,3.0535,2.6691,2.3686,2.9908,2.1667
SYN-BP-009,SYN-BP-009-SESS-2,0,synthetic,1.1719,1.4555,2.4053,0.6226,2.0903,2.2927,1.5198,2.678,1.6858,2.3565,0.5927,1.2893,1.0117,1.4128,2.2871,2.6004,2.8849,2.6043,2.9929,2.1337
SYN-BP-009,SYN-BP-009-SESS-2,1,synthetic,1.1572,1.3336,2.3289,0.5772,2.2436,2.36,1.635,2.8471,1.7552,2.5424,0.7723,1.6074,0.8361,1.5591,2.3253,2.8722,2.9109,2.6459,3.1365,2.2494
SYN-BP-009,SYN-BP-009-SESS-2,2,synthetic,0.9656,1.573,2.2639,0.6425,2.259,2.384,1.7321,2.6972,1.8899,2.491,0.5416,1.5361,0.8962,1.5701,2.2072,2.656,2.8386,2.6607,2.9081,2.1394
SYN-BP-009,SYN-BP-009-SESS-2,3,synthetic,1.0703,1.2447,2.4963,0.8039,2.2497,2.4279,1.5469,2.7568,1.863,2.6651,0.5804,1.5621,0.9181,1.4789,2.2699,2.6603,2.6331,2.5079,3.1679,2.0121
SYN-BP-009,SYN-BP-009-SESS-2,4,synthetic,1.1611,1.4268,2.3926,0.4873,2.2966,2.3305,1.6618,2.6781,1.6965,2.5719,0.6824,1.3434,1.0654,1.3812,2.1841,2.7194,2.7406,2.5454,3.1794,2.0861
SYN-BP-009,SYN-BP-009-SESS-2,5,synthetic,1.1342,1.3084,2.4459,0.5434,2.102,2.3706,1.5382,2.702,1.7132,2.4396,0.6295,1.2969,0.9474,1.5779,2.3252,2.7266,2.6838,2.6043,3.0504,1.9173
SYN-BP-009,SYN-BP-009-SESS-2,6,synthetic,1.0713,1.4378,2.4295,0.5697,2.1685,2.3498,1.5259,2.6313,1.5882,2.6778,0.6142,1.4603,1.017,1.5586,2.3058,2.4745,2.6635,2.7151,3.0612,2.2616
SYN-BP-009,SYN-BP-009-SESS-2,7,synthetic,0.9659,1.301,2.4627,0.4878,2.3021,2.2887,1.5878,2.584,1.8454,2.5976,0.6376,1.437,0.9175,1.5876,2.3131,2.8097,2.7572,2.5073,2.9659,2.003
SYN-BP-010,SYN-BP-010-SESS-0,0,synthetic,0.3103,0.2768,1.9303,2.6207,2.0624,1.6416,1.3612,1.7567,2.819,1.7255,2.1213,1.3751,2.8799,2.271,1.6793,1.086,0.897,2.9002,1.8218,0.365
SYN-BP-010,SYN-BP-010-SESS-0,1,synthetic,0.1458,0.2283,1.6447,2.5596,1.9266,1.4564,1.2766,1.629,2.9784,1.6696,2.2852,1.288,2.7686,2.3405,1.6144,0.9886,0.7563,2.9393,1.785,0.3651
SYN-BP-010,SYN-BP-010-SESS-0,2,synthetic,0.1833,0.1673,1.7753,2.6047,1.8487,1.3365,1.3704,1.4182,2.8997,1.7034,2.0374,1.6626,3.0143,2.4131,1.5016,0.96,0.9673,3.1296,1.8667,0.4187
SYN-BP-010,SYN-BP-010-SESS-0,3,synthetic,0.1624,0.2205,1.8629,2.4993,1.9829,1.528,1.6107,1.6982,3.0189,1.6474,2.3712,1.4625,2.8415,2.4294,1.4961,0.8866,0.9826,3.0226,1.8746,0.3879
SYN-BP-010,SYN-BP-010-SESS-0,4,synthetic,0.0605,0.3951,1.7364,2.6267,1.8285,1.4446,1.4173,1.5917,2.987,1.5866,2.1902,1.5723,2.8059,2.3021,1.5633,0.9663,0.8996,2.9498,2.1478,0.3533
SYN-BP-010,SYN-BP-010-SESS-0,5,synthetic,0.2046,0.1841,1.7263,2.4995,1.8137,1.5314,1.5055,1.8415,2.7665,1.6501,2.1284,1.358,2.7734,2.2588,1.4256,0.9263,0.9442,2.8914,1.8503,0.4669
SYN-BP-010,SYN-BP-010-SESS-0,6,synthetic,0.2933,0.2494,1.8893,2.6066,1.7327,1.6618,1.6733,1.7608,3.0538,1.8568,2.0881,1.5175,2.7821,2.2249,1.5379,1.0194,0.8578,2.8287,1.9571,0.4357
SYN-BP-010,SYN-BP-010-SESS-0,7,synthetic,0.2369,0.1416,1.7044,2.5875,1.6945,1.6365,1.3926,1.7891,2.9901,1.6913,2.183,1.345,2.7605,2.4142,1.4292,0.9338,0.9704,2.972,1.9744,0.3094
SYN-BP-010,SYN-BP-010-SESS-1,0,synthetic,0.2842,0.1649,1.8428,2.4979,1.5827,1.4098,0.9478,2.0214,2.8543,1.7013,2.2602,1.1891,2.8575,2.4482,1.7444,1.107,0.8857,3.0243,2.1058,0.5523
SYN-BP-010,SYN-BP-010-SESS-1,1,synthetic,0.29,0.038,1.988,2.6663,1.49,1.3173,1.1011,1.9036,2.5758,1.8519,2.2952,1.3956,2.9092,2.6914,1.6957,0.8803,0.7191,3.0933,2.451,0.2767
SYN-BP-010,SYN-BP-010-SESS-1,2,synthetic,0.5288,0.0303,1.8628,2.5766,1.6529,1.3317,1.1259,1.8272,2.838,1.7399,2.3045,1.542,2.8692,2.6132,1.5975,0.967,0.7479,3.0935,2.316,0.2543
SYN-BP-010,SYN-BP-010-SESS-1,3,synthetic,0.3959,0.0647,1.9074,2.7156,1.5673,1.4146,1.1324,1.9105,2.6433,1.6941,2.2786,1.4094,2.5767,2.5339,1.6171,0.8493,0.8413,3.0043,2.343,0.5556
SYN-BP-010,SYN-BP-010-SESS-1,4,synthetic,0.3607,0.0,1.7241,2.6146,1.4753,1.5644,1.1215,1.7417,2.4786,1.6511,2.0697,1.3796,2.5765,2.5641,1.5765,1.0647,0.6476,2.9624,2.3965,0.2624
SYN-BP-010,SYN-BP-010-SESS-1,5,synthetic,0.4056,0.2307,1.7836,2.6053,1.76,1.499,1.2924,1.9098,2.6578,1.6886,2.2723,1.4134,2.8897,2.5288,1.5573,1.0317,0.8133,3.0315,2.4105,0.3858
SYN-BP-010,SYN-BP-010-SESS-1,6,synthetic,0.3523,0.197,1.8089,2.7091,1.6693,1.5014,1.2606,1.8634,2.8731,1.6603,2.1927,1.3047,2.7719,2.3895,1.7236,1.0055,0.8261,2.8724,2.4705,0.4704
SYN-BP-010,SYN-BP-010-SESS-1,7,synthetic,0.4563,0.1236,1.9213,2.6976,1.6128,1.4904,1.0816,1.7196,2.6601,1.7052,2.3519,1.3428,2.8498,2.5234,1.6099,1.0096,0.8207,2.933,2.1155,0.4465
SYN-BP-010,SYN-BP-010-SESS-2,0,synthetic,0.5166,0.324,2.2154,2.7323,1.9684,1.5918,1.3272,1.9569,2.615,1.8013,2.1609,1.2311,2.8514,2.0343,1.8763,0.9123,0.9022,2.6428,2.0311,0.666
SYN-BP-010,SYN-BP-010-SESS-2,1,synthetic,0.517,0.498,2.1512,2.7976,1.9581,1.6168,1.3777,1.9732,2.5529,1.871,2.1305,1.3726,2.9495,2.0525,1.9146,1.0289,0.9223,2.5508,2.0027,0.5764
SYN-BP-010,SYN-BP-010-SESS-2,2,synthetic,0.437,0.5376,2.0031,2.6883,1.9954,1.6476,1.2425,2.1331,2.599,1.9117,2.3129,1.4093,2.9724,2.0875,1.8026,1.0901,0.9677,2.8811,2.1475,0.4963
SYN-BP-010,SYN-BP-010-SESS-2,3,synthetic,0.4001,0.3841,2.1767,2.7007,2.0295,1.6552,1.4191,2.0143,2.651,1.7482,2.1702,1.3306,3.0852,1.9224,1.8618,1.2068,0.9494,2.652,2.0379,0.4815
SYN-BP-010,SYN-BP-010-SESS-2,4,synthetic,0.4268,0.4744,2.0806,2.825,2.1643,1.6061,1.3075,2.1344,2.4453,2.0503,2.0255,1.282,3.0001,1.9638,1.8312,0.9978,0.9741,2.5619,1.7347,0.56
SYN-BP-010,SYN-BP-010-SESS-2,5,synthetic,0.2973,0.4498,2.1002,2.7917,1.8627,1.4757,1.5751,1.9805,2.481,1.7451,2.1114,1.4959,3.0627,2.0069,1.7564,0.9208,0.9311,2.7265,2.0758,0.6037
SYN-BP-010,SYN-BP-010-SESS-2,6,synthetic,0.3292,0.2642,2.0447,2.7711,1.8631,1.5613,1.2636,2.1034,2.5597,1.8278,2.1863,1.4256,2.93,2.0838,1.821,0.8701,1.1723,2.6387,1.9955,0.4616
SYN-BP-010,SYN-BP-010-SESS-2,7,synthetic,0.3789,0.4023,2.0443,2.75,1.8625,1.396,1.2589,2.0592,2.7052,1.8651,2.1098,1.2544,3.1406,2.0356,1.8414,0.9763,0.9102,2.7046,2.0686,0.6615
SYN-BP-011,SYN-BP-011-SESS-0,0,synthetic,0.3456,0.5852,1.4073,2.9533,0.694,1.4881,1.7908,0.0,1.8338,0.4768,1.2149,0.8629,3.1857,1.3902,0.9997,1.1011,1.0986,1.0049,1.2375,2.278
SYN-BP-011,SYN-BP-011-SESS-0,1,synthetic,0.5566,1.012,1.4345,2.8295,0.4573,1.2629,1.9955,0.0,1.7125,0.3905,1.2624,0.8847,3.2442,1.4759,1.2329,0.97,1.2387,1.0616,1.1572,2.309
SYN-BP-011,SYN-BP-011-SESS-0,2,synthetic,0.4002,0.9261,1.6901,2.7081,0.6906,1.4703,1.9001,0.0,1.6081,0.406,1.1562,1.0452,3.1489,1.6168,1.1386,0.8351,1.2789,1.066,1.1943,1.9917
SYN-BP-011,SYN-BP-011-SESS-0,3,synthetic,0.4561,1.0096,1.4226,2.7712,0.6696,1.5303,2.0616,0.0638,1.6254,0.4987,1.2988,1.0073,3.0995,1.5463,0.9176,0.8435,1.2965,1.2057,1.1663,2.2479
SYN-BP-011,SYN-BP-011-SESS-0,4,synthetic,0.4326,0.8224,1.526,2.7964,0.6551,1.6329,1.7561,0.0,1.6268,0.381,1.2829,0.8301,3.1958,1.3908,0.9659,1.0798,1.2364,0.9788,0.9449,1.9771
SYN-BP-011,SYN-BP-011-SESS-0,5,synthetic,0.3428,0.9367,1.3238,2.84,0.5495,1.5413,1.9817,0.1305,1.6378,0.5322,1.3884,0.9308,3.2223,1.6103,1.166,0.891,1.2895,1.0827,1.1799,2.4962
SYN-BP-011,SYN-BP-011-SESS-0,6,synthetic,0.4539,0.8412,1.5404,2.9795,0.5035,1.5149,2.0231,0.0,1.8969,0.5754,1.117,0.9134,3.1577,1.5,1.1562,1.05,1.1594,1.0214,1.1012,2.2766
SYN-BP-011,SYN-BP-011-SESS-0,7,synthetic,0.6457,0.9544,1.311,3.0139,0.8206,1.6895,2.0943,0.0187,1.802,0.4005,1.1162,0.8943,3.0779,1.3153,1.1134,0.9397,1.2122,1.1197,1.0035,2.2406
SYN-BP-011,SYN-BP-011-SESS-1,0,synthetic,0.5636,0.9177,1.1172,2.9234,0.4055,1.0549,1.5705,0.3046,1.5203,0.3001,1.2111,1.2601,3.0665,1.4869,1.0908,1.3397,1.2634,0.64,1.2314,2.0332
SYN-BP-011,SYN-BP-011-SESS-1,1,synthetic,0.5656,0.5963,1.2776,3.1034,0.3872,0.9384,1.4385,0.3353,1.404,0.3247,1.1244,1.3245,2.8786,1.5288,1.3045,1.0395,1.1141,0.6295,1.0014,2.0987
SYN-BP-011,SYN-BP-011-SESS-1,2,synthetic,0.5019,0.7046,1.0551,2.9086,0.542,1.0614,1.552,0.1208,1.6704,0.2179,1.2751,1.2504,2.8467,1.4269,1.166,1.2144,1.2169,0.6945,1.1347,1.9063
SYN-BP-011,SYN-BP-011-SESS-1,3,synthetic,0.7448,0.7479,1.2265,2.9351,0.5457,1.0555,1.644,0.0768,1.6363,0.3001,1.1939,1.1957,2.8629,1.6412,1.3811,1.1706,0.9807,0.3959,1.0264,1.8765
SYN-BP-011,SYN-BP-011-SESS-1,4,synthetic,0.6242,0.9331,1.2844,2.8354,0.3596,1.0399,1.6526,0.3313,1.6044,0.3901,1.1134,1.3394,3.0039,1.7171,1.2127,1.1255,1.1606,0.6722,1.1029,1.9804
SYN-BP-011,SYN-BP-011-SESS-1,5,synthetic,0.5014,0.8007,1.2217,3.1083,0.2999,1.0718,1.5165,0.1356,1.8752,0.1574,1.1642,1.4741,3.0313,1.5621,1.1429,1.206,1.2338,0.6331,1.1291,1.8015
SYN-BP-011,SYN-BP-011-SESS-1,6,synthetic,0.4463,0.8234,1.2011,2.7947,0.5261,1.1087,1.6412,0.3803,1.7077,0.2743,0.9809,1.4863,2.9354,1.4824,1.0521,1.2255,1.2206,0.5599,1.1604,1.8828
SYN-BP-011,SYN-BP-011-SESS-1,7,synthetic,0.6586,0.7746,1.1902,2.9107,0.4529,1.1995,1.5503,0.3785,1.7696,0.2698,0.9763,1.2552,2.9773,1.8463,1.1288,1.1684,1.0995,0.6204,1.0907,2.0656
SYN-BP-011,SYN-BP-011-SESS-2,0,synthetic,0.9468,0.8329,0.9696,2.7863,0.4534,1.1812,1.4991,0.4473,1.312,0.516,1.2355,0.9274,3.1508,1.6045,1.2943,0.928,1.3586,0.5206,1.2189,2.0367
SYN-BP-011,SYN-BP-011-SESS-2,1,synthetic,0.7253,0.9497,0.9611,2.8393,0.5068,1.186,1.3711,0.5506,1.402,0.3062,1.1811,0.7294,3.1141,1.6287,1.3406,1.1154,1.1182,0.6852,1.141,2.1672
SYN-BP-011,SYN-BP-011-SESS-2,2,synthetic,0.6424,1.0068,0.9608,2.9824,0.4641,1.3587,1.4361,0.4786,1.5,0.5564,1.0807,0.5986,3.1292,1.6988,1.4396,1.0615,1.2669,0.3265,1.2661,2.0756
SYN-BP-011,SYN-BP-011-SESS-2,3,synthetic,1.0414,0.9084,1.2962,2.8982,0.4257,1.2476,1.3979,0.5164,1.4661,0.3903,1.2988,0.9813,3.0838,1.6802,1.2937,1.0363,1.0726,0.6204,1.4865,2.3112
SYN-BP-011,SYN-BP-011-SESS-2,4,synthetic,0.8198,0.9008,1.1502,2.8086,0.5449,1.1517,1.5232,0.5789,1.536,0.6514,1.2422,0.8313,2.976,1.3897,1.2033,1.0724,1.1018,0.9736,1.3534,2.1843
SYN-BP-011,SYN-BP-011-SESS-2,5,synthetic,0.8455,0.9137,1.0732,3.0097,0.4773,1.4042,1.6282,0.5263,1.5242,0.5275,1.2425,0.9657,3.1398,1.7507,1.4366,1.1133,1.0384,0.8696,1.3356,2.2179
SYN-BP-011,SYN-BP-011-SESS-2,6,synthetic,0.8557,0.9065,0.9189,2.9003,0.4536,1.3646,1.4571,0.5029,1.5323,0.495,1.0631,0.9273,3.0885,1.5257,1.2067,1.0022,1.1017,0.4621,1.1639,2.0814
SYN-BP-011,SYN-BP-011-SESS-2,7,synthetic,0.7943,0.9187,1.0959,2.7876,0.6288,1.3464,1.2388,0.5007,1.3525,0.5463,1.3008,0.7339,3.1278,1.5186,1.162,1.1549,1.2466,0.6204,1.2687,2.0165
SYN-BP-012,SYN-BP-012-SESS-0,0,synthetic,1.8663,0.8383,1.2661,0.9528,3.2138,0.0049,0.9395,1.0856,2.5814,2.1166,1.2841,0.2849,2.3563,1.9927,1.9629,2.1979,1.892,0.2054,2.1303,2.8199
SYN-BP-012,SYN-BP-012-SESS-0,1,synthetic,2.0217,0.7523,1.3623,0.825,3.1386,0.0,1.2158,0.97,2.5562,2.0073,1.4403,0.4002,2.2219,2.1358,2.0119,2.3713,1.963,0.2345,2.2661,2.7828
SYN-BP-012,SYN-BP-012-SESS-0,2,synthetic,1.9267,1.0217,1.6307,0.8477,3.1897,0.0,1.04,1.0277,2.4214,1.9288,1.3103,0.3332,2.3343,2.1014,2.074,2.2085,1.7354,0.2105,2.4512,2.8378
SYN-BP-012,SYN-BP-012-SESS-0,3,synthetic,1.8343,0.8443,1.3174,0.7768,2.9388,0.0132,0.8901,1.0579,2.5404,1.8459,1.5233,0.319,2.3766,2.0829,1.9554,2.2491,1.9614,0.0,2.2783,2.8682
SYN-BP-012,SYN-BP-012-SESS-0,4,synthetic,2.0041,0.7274,1.3265,0.9877,2.9993,0.0737,0.8819,0.9084,2.606,1.9342,1.188,0.3584,2.4817,2.1182,2.3016,2.1219,2.0758,0.2271,2.363,2.9303
SYN-BP-012,SYN-BP-012-SESS-0,5,synthetic,1.7897,0.8972,1.2627,0.7997,3.0013,0.1102,0.9362,1.0597,2.521,2.2277,1.2159,0.26,2.4264,1.9499,2.0765,2.1506,1.8213,0.1742,2.4826,2.944
SYN-BP-012,SYN-BP-012-SESS-0,6,synthetic,1.9019,0.9733,1.4493,0.8032,3.0909,0.0,1.046,1.1129,2.4118,1.856,1.4446,0.2424,2.4836,2.4132,2.1801,2.2838,1.894,0.2141,2.3658,3.1594
SYN-BP-012,SYN-BP-012-SESS-0,7,synthetic,1.9077,0.9096,1.5616,0.8723,3.2062,0.0366,1.0045,1.1023,2.5148,1.9229,1.2909,0.3631,2.3247,2.2055,2.1068,2.2813,1.8724,0.2191,2.3446,2.8243
SYN-BP-012,SYN-BP-012-SESS-1,0,synthetic,1.6338,0.8183,1.0751,0.8296,3.1098,0.2331,0.953,0.5827,2.2889,2.1854,1.2141,0.7338,2.0749,2.0672,1.9838,2.0787,1.8879,0.2506,2.3544,2.5011
SYN-BP-012,SYN-BP-012-SESS-1,1,synthetic,1.5692,0.7643,0.8606,0.7907,3.0593,0.5124,1.0495,0.7036,2.3541,2.2006,1.3726,0.6263,2.1348,2.2932,1.9603,1.9991,1.6906,0.1494,2.2764,2.557
SYN-BP-012,SYN-BP-012-SESS-1,2,synthetic,1.6297,0.8168,1.1451,0.8289,3.1942,0.3211,1.1084,0.4547,2.4137,2.1502,1.4991,0.632,2.0236,2.3848,1.9309,1.9235,1.8291,0.1885,2.2022,2.6164
SYN-BP-012,SYN-BP-012-SESS-1,3,synthetic,1.625,1.0166,1.2359,1.0412,3.0263,0.43,1.0325,0.5396,2.2649,2.0998,1.386,0.6081,2.2257,2.0361,2.0819,1.9644,1.8027,0.4158,2.4758,2.6543
SYN-BP-012,SYN-BP-012-SESS-1,4,synthetic,1.724,0.7722,0.9854,0.8401,3.0068,0.2044,1.2275,0.6447,2.3364,2.0776,1.4206,0.5988,2.1291,2.1818,2.0466,2.0612,1.8205,0.2138,2.4824,2.6833
SYN-BP-012,SYN-BP-012-SESS-1,5,synthetic,1.6828,0.8859,1.111,0.8268,2.9699,0.3668,1.0637,0.5737,2.4998,2.1245,1.211,0.7154,2.1935,2.095,2.0398,2.056,1.781,0.4129,2.588,2.5686
SYN-BP-012,SYN-BP-012-SESS-1,6,synthetic,1.7241,0.9799,1.0029,0.9162,3.0192,0.6609,1.0163,0.6687,2.4573,2.221,1.5153,0.7388,2.0922,2.2506,2.134,2.1509,1.8436,0.2704,2.2414,2.7353
SYN-BP-012,SYN-BP-012-SESS-1,7,synthetic,1.7288,1.006,1.2189,0.7837,3.2523,0.3825,1.1428,0.4216,2.2491,2.0983,1.2952,0.5245,1.9174,2.1928,2.0837,2.2151,1.6084,0.1392,2.5309,2.5793
SYN-BP-012,SYN-BP-012-SESS-2,0,synthetic,1.6085,0.9033,0.6496,0.7667,2.9557,0.327,0.8601,0.7376,2.8554,1.8345,0.687,0.4702,2.0858,2.2641,1.6151,2.0129,1.7674,0.4599,2.623,2.9974
SYN-BP-012,SYN-BP-012-SESS-2,1,synthetic,1.7875,1.0074,0.8159,0.8433,3.1399,0.2558,0.9862,0.8754,2.6456,1.9292,0.793,0.469,2.2129,2.2423,1.5604,2.0536,1.8708,0.446,2.6974,2.7839
SYN-BP-012,SYN-BP-012-SESS-2,2,synthetic,1.6483,1.1361,0.7968,0.9938,3.1239,0.1496,0.8914,0.9866,2.7334,1.9384,0.6023,0.4572,1.9964,2.2591,1.697,1.9258,1.6846,0.475,2.6651,2.8429
SYN-BP-012,SYN-BP-012-SESS-2,3,synthetic,1.6629,1.0443,0.8113,1.0078,3.1492,0.3136,1.0478,0.525,2.6211,1.8686,0.8234,0.5539,2.16,2.2059,1.6772,2.1884,1.8931,0.523,2.6182,2.7727
SYN-BP-012,SYN-BP-012-SESS-2,4,synthetic,1.6959,1.0855,0.7477,1.016,3.1323,0.1678,0.9533,0.6573,2.6955,2.0095,0.5916,0.309,2.0722,2.3001,1.7112,2.0148,1.7365,0.3945,2.8185,2.9423
SYN-BP-012,SYN-BP-012-SESS-2,5,synthetic,1.8169,0.9919,0.8482,0.7388,3.1315,0.5914,0.7697,0.7687,2.5865,1.9301,0.7639,0.4591,1.9833,2.232,1.8157,1.973,1.8183,0.4699,2.5492,2.8717
SYN-BP-012,SYN-BP-012-SESS-2,6,synthetic,1.5826,1.1588,0.8524,0.9505,3.024,0.2369,1.0204,0.6596,2.7193,1.7589,0.9542,0.4605,2.1384,2.3776,1.5717,2.0189,1.6938,0.3322,2.6915,3.0083
SYN-BP-012,SYN-BP-012-SESS-2,7,synthetic,1.7777,0.8632,0.8153,0.9644,3.0418,0.3088,0.966,0.7903,2.652,1.7095,0.6758,0.4533,2.0836,2.3152,1.794,1.9982,1.8618,0.3515,2.5968,2.9464
SYN-BP-013,SYN-BP-013-SESS-0,0,synthetic,1.3693,2.1079,1.6792,1.4122,0.8535,0.9991,2.4029,0.285,2.8959,2.4752,0.4977,0.3436,2.6845,0.3893,2.0982,1.4271,1.3145,2.2576,0.0159,2.2733
SYN-BP-013,SYN-BP-013-SESS-0,1,synthetic,1.3912,2.1415,1.6501,1.3295,0.6861,1.0233,2.3495,0.1954,3.0152,2.6817,0.6694,0.0519,2.5692,0.4938,2.224,1.4908,1.2905,1.9878,0.1679,2.2185
SYN-BP-013,SYN-BP-013-SESS-0,2,synthetic,1.3207,2.1353,1.6202,1.3781,0.6488,1.0131,2.3462,0.3218,3.0664,2.5779,0.7064,0.379,2.466,0.6066,2.366,1.6156,1.3277,1.9688,0.1517,2.3188
SYN-BP-013,SYN-BP-013-SESS-0,3,synthetic,1.1423,2.079,1.4915,1.5967,0.519,0.976,2.4541,0.3267,3.1683,2.6016,0.5139,0.1857,2.6286,0.4226,2.3974,1.4933,1.3856,1.7635,0.1531,2.3354
SYN-BP-013,SYN-BP-013-SESS-0,4,synthetic,1.3246,2.0015,1.6833,1.3858,0.4937,0.9883,2.5244,0.3298,3.2666,2.4429,0.6555,0.3049,2.558,0.4889,2.1298,1.7149,1.5124,1.9756,0.0339,2.2328
SYN-BP-013,SYN-BP-013-SESS-0,5,synthetic,1.2286,2.2232,1.6363,1.4107,0.645,1.0057,2.4426,0.0456,3.1562,2.685,0.7042,0.133,2.6542,0.3836,2.0426,1.5124,1.2161,1.9335,0.0472,2.3577
SYN-BP-013,SYN-BP-013-SESS-0,6,synthetic,1.1518,2.0989,1.6724,1.2274,0.5915,0.9727,2.4059,0.1208,3.0733,2.4754,0.6717,0.2185,2.749,0.3847,2.3221,1.6809,1.3689,2.0836,0.2101,2.0816
SYN-BP-013,SYN-BP-013-SESS-0,7,synthetic,1.4543,2.0684,1.5707,1.3574,0.6024,1.0631,2.715,0.0932,3.1058,2.4813,0.6416,0.177,2.529,0.5698,2.3326,1.5386,1.4468,1.8109,0.1468,2.2205
SYN-BP-013,SYN-BP-013-SESS-1,0,synthetic,1.0865,2.3303,1.6602,0.9465,0.4569,0.9345,2.3678,0.8386,3.0244,2.5854,0.5711,0.1081,2.6212,0.3017,1.9462,1.6863,1.2753,1.7782,0.2141,2.121
SYN-BP-013,SYN-BP-013-SESS-1,1,synthetic,1.2139,2.2069,1.7576,1.2961,0.4938,1.1964,2.4445,0.8115,2.8697,2.6716,0.6762,0.3693,2.6223,0.4526,2.0121,1.6765,1.3767,1.872,0.3683,2.137
SYN-BP-013,SYN-BP-013-SESS-1,2,synthetic,1.2608,2.2625,1.6671,1.1602,0.3836,0.9478,2.4066,0.9009,3.0677,2.3483,0.6713,0.2046,2.6043,0.5155,2.1307,1.8093,1.3445,1.7752,0.1505,2.4122
SYN-BP-013,SYN-BP-013-SESS-1,3,synthetic,1.1026,2.3356,1.7193,1.1012,0.6146,1.1074,2.3638,0.8451,2.9186,2.5994,0.5027,0.3739,2.6892,0.3359,1.8554,1.7185,1.5412,1.7735,0.4221,2.2528
SYN-BP-013,SYN-BP-013-SESS-1,4,synthetic,1.1648,2.1641,1.75,1.0472,0.5305,1.1979,2.3679,0.7108,2.9299,2.5996,0.5702,0.4187,2.5765,0.4027,1.9249,1.5472,1.3609,1.8594,0.2248,2.2711
SYN-BP-013,SYN-BP-013-SESS-1,5,synthetic,1.295,2.2271,1.8359,1.2847,0.4166,0.8461,2.2237,0.7955,3.0019,2.6476,0.6226,0.3787,2.6972,0.5554,2.0229,1.6559,1.2515,1.755,0.2394,2.1155
SYN-BP-013,SYN-BP-013-SESS-1,6,synthetic,1.2691,2.2438,1.9338,1.1204,0.4531,1.08,2.3857,0.9182,2.9083,2.6849,0.5155,0.3254,2.4323,0.3067,1.9965,1.683,1.2363,1.7801,0.0644,2.1676
SYN-BP-013,SYN-BP-013-SESS-1,7,synthetic,1.2978,2.2587,1.5786,1.0548,0.3576,0.9282,2.3715,0.8669,2.9415,2.6723,0.5477,0.342,2.6696,0.47,1.8612,1.7109,1.3052,1.6449,0.2844,2.1983
SYN-BP-013,SYN-BP-013-SESS-2,0,synthetic,1.0594,1.6615,1.7591,1.0869,0.724,0.987,2.4488,0.5154,2.8709,2.4853,0.7849,0.5065,2.5335,0.4739,1.8984,1.6322,1.1139,1.779,0.4858,2.4096
SYN-BP-013,SYN-BP-013-SESS-2,1,synthetic,1.2149,1.7731,1.763,1.1887,0.5375,1.0942,2.588,0.4671,3.0767,2.5269,0.8786,0.5311,2.5636,0.4282,2.0922,1.5819,1.2604,1.581,0.3965,2.5135
SYN-BP-013,SYN-BP-013-SESS-2,2,synthetic,1.1411,1.6569,1.8507,1.235,0.7559,1.1318,2.6102,0.4707,2.8297,2.5074,0.8481,0.4128,2.5873,0.446,1.8464,1.7322,1.1387,1.6315,0.5319,2.4115
SYN-BP-013,SYN-BP-013-SESS-2,3,synthetic,1.1292,1.7609,1.8521,1.2451,0.6175,1.1393,2.6475,0.6711,2.8217,2.6678,0.8969,0.3465,2.4428,0.5201,1.9038,1.6014,1.1601,1.6316,0.4116,2.3369
SYN-BP-013,SYN-BP-013-SESS-2,4,synthetic,1.0774,1.6464,1.7661,1.0729,0.6383,0.7494,2.5157,0.5439,2.8,2.4201,1.0543,0.3707,2.3708,0.4989,1.8703,1.7367,1.0699,1.457,0.3961,2.429
SYN-BP-013,SYN-BP-013-SESS-2,5,synthetic,1.0985,1.7028,1.8238,1.0801,0.606,0.9915,2.6892,0.6756,2.9473,2.8012,1.003,0.4687,2.5959,0.6098,2.1318,1.8478,1.0815,1.6475,0.5071,2.4435
SYN-BP-013,SYN-BP-013-SESS-2,6,synthetic,1.2326,1.8979,1.7372,1.1286,0.5603,0.848,2.8488,0.6816,3.1124,2.4303,0.9898,0.3524,2.4953,0.5721,2.1058,1.6536,1.2482,1.6667,0.4323,2.2585
SYN-BP-013,SYN-BP-013-SESS-2,7,synthetic,0.9786,1.6701,1.6591,1.2263,0.4942,0.9,2.6785,0.5473,3.0355,2.6796,0.8602,0.4636,2.5303,0.4953,2.0774,1.7272,1.1402,1.6554,0.374,2.3487
SYN-BP-014,SYN-BP-014-SESS-0,0,synthetic,0.7934,1.1766,1.3695,2.2575,0.4804,0.0896,2.776,2.3341,1.9169,1.894,1.1828,0.6434,1.7032,1.9568,1.3435,1.5972,0.5484,2.9421,0.8214,1.4144
SYN-BP-014,SYN-BP-014-SESS-0,1,synthetic,0.7391,1.4002,1.0083,2.3326,0.7491,0.3073,2.9699,2.4439,2.1081,1.9239,1.2058,0.7444,1.742,1.8117,1.3424,1.7629,0.4695,2.7972,0.6695,1.4378
SYN-BP-014,SYN-BP-014-SESS-0,2,synthetic,0.851,1.4265,1.0768,2.3113,0.5645,0.172,2.9187,2.4611,2.0156,2.0263,0.9646,0.8848,1.5813,1.8658,1.3626,1.8768,0.379,2.9836,0.8872,1.1736
SYN-BP-014,SYN-BP-014-SESS-0,3,synthetic,0.8006,1.2231,1.0671,2.2725,0.6339,0.3036,2.8835,2.2059,1.8801,1.7739,0.902,0.8009,1.5769,1.8832,1.2468,1.703,0.2524,2.8405,0.6819,1.3976
SYN-BP-014,SYN-BP-014-SESS-0,4,synthetic,0.8569,1.4177,1.0915,2.3121,0.5602,0.457,2.8513,2.2707,2.0071,2.0147,0.9622,0.8609,1.5606,2.0069,1.4581,1.6516,0.4913,2.9644,0.5547,1.2562
SYN-BP-014,SYN-BP-014-SESS-0,5,synthetic,0.8423,1.2258,0.9333,2.2739,0.6101,0.2055,2.7951,2.4069,1.9121,1.7455,1.0094,0.7151,1.5717,1.8806,1.3814,1.5796,0.5165,2.9881,0.7931,1.3646
SYN-BP-014,SYN-BP-014-SESS-0,6,synthetic,0.8621,1.2975,0.9705,2.0794,0.6667,0.1189,2.7402,2.4174,2.0947,2.043,0.8629,0.7189,1.5145,1.8795,1.4469,1.7824,0.4457,2.7214,0.5349,1.5274
SYN-BP-014,SYN-BP-014-SESS-0,7,synthetic,0.7377,1.399,1.1231,2.3467,0.6565,0.3483,2.7329,2.4278,2.0435,1.8182,0.9377,0.6659,1.7147,1.8264,1.5353,1.6924,0.492,2.901,0.7605,1.3029
SYN-BP-014,SYN-BP-014-SESS-1,0,synthetic,0.4181,1.9362,1.6131,2.1377,0.3938,0.4765,2.9681,2.1253,1.9481,1.987,0.7111,0.6348,1.4248,1.9044,1.5532,1.6387,0.2426,2.9105,1.1793,1.5694
SYN-BP-014,SYN-BP-014-SESS-1,1,synthetic,0.5485,2.0307,1.4878,2.382,0.5687,0.6729,3.2609,2.2365,1.9291,2.0241,0.6098,0.5968,1.6763,2.0082,1.2801,1.5914,0.1294,2.7079,1.0946,1.5131
SYN-BP-014,SYN-BP-014-SESS-1,2,synthetic,0.6309,2.0683,1.4203,2.4484,0.5045,0.538,2.9624,2.2522,1.9909,1.8533,0.71,0.508,1.6695,1.9066,1.2821,1.7821,0.2949,2.8384,0.8406,1.3921
SYN-BP-014,SYN-BP-014-SESS-1,3,synthetic,0.6297,2.1512,1.3751,2.4107,0.307,0.6093,3.1046,2.1348,2.159,1.9769,0.6069,0.5633,1.6616,2.0164,1.4047,1.6346,0.2161,2.7468,1.1768,1.644
SYN-BP-014,SYN-BP-014-SESS-1,4,synthetic,0.5935,2.0052,1.4182,2.1327,0.5153,0.343,2.8845,2.1498,2.0626,1.9235,0.7707,0.6714,1.6731,2.2152,1.4242,1.7265,0.2995,2.9106,0.9817,1.5156
SYN-BP-014,SYN-BP-014-SESS-1,5,synthetic,0.6225,2.0308,1.4276,2.1851,0.3348,0.4375,3.2178,2.2283,2.024,1.8911,0.7198,0.6113,1.5922,2.0481,1.3715,1.5643,0.1712,2.7783,0.9263,1.4897
SYN-BP-014,SYN-BP-014-SESS-1,6,synthetic,0.6049,1.9057,1.4223,2.3515,0.3607,0.5115,2.8298,2.3667,2.0709,2.1857,0.8657,0.6167,1.6377,2.1184,1.2796,1.7474,0.3112,2.9579,1.062,1.3439
SYN-BP-014,SYN-BP-014-SESS-1,7,synthetic,0.5378,1.5808,1.4606,2.1638,0.4218,0.5542,3.0353,1.922,2.1208,1.8236,0.5618,0.4971,1.6957,1.9392,1.5088,1.7106,0.0156,3.0126,0.9608,1.6244
SYN-BP-014,SYN-BP-014-SESS-2,0,synthetic,0.6277,1.9071,1.4553,1.7679,0.4735,0.1459,2.8342,2.443,2.0279,2.0958,0.817,0.4107,1.3137,2.1452,1.6484,1.401,0.5524,2.8976,0.7127,1.2438
SYN-BP-014,SYN-BP-014-SESS-2,1,synthetic,0.7434,1.9022,1.5743,1.8078,0.425,0.1589,2.8936,2.5416,1.9971,1.9819,1.1371,0.381,1.3192,2.0064,1.706,1.4429,0.6194,2.7338,0.6779,1.3173
SYN-BP-014,SYN-BP-014-SESS-2,2,synthetic,0.8107,2.0072,1.5731,1.9319,0.3561,0.128,2.755,2.612,2.0548,1.9058,0.7574,0.564,1.305,2.0157,1.7711,1.5101,0.3958,2.9,0.6325,1.2575
SYN-BP-014,SYN-BP-014-SESS-2,3,synthetic,0.5344,1.8621,1.6841,1.7887,0.4531,0.2196,3.018,2.6862,2.1029,2.1413,0.8782,0.2789,1.2217,2.074,1.7775,1.5098,0.5473,2.7681,0.6566,1.3034
SYN-BP-014,SYN-BP-014-SESS-2,4,synthetic,0.5528,1.8981,1.6014,1.9869,0.5217,0.2762,2.8509,2.5156,1.8336,2.0598,0.9435,0.5201,1.354,2.2079,1.7931,1.627,0.3672,2.9903,0.6233,1.4519
SYN-BP-014,SYN-BP-014-SESS-2,5,synthetic,0.4982,2.0254,1.8004,1.9261,0.383,0.452,2.8898,2.5738,1.9703,1.9515,0.8699,0.4093,1.4692,2.1752,1.5747,1.422,0.5137,2.7121,0.8418,1.2086
SYN-BP-014,SYN-BP-014-SESS-2,6,synthetic,0.6109,1.8853,1.5163,1.886,0.4393,0.2345,2.8435,2.5983,2.0146,1.9135,0.6923,0.5133,1.3046,2.1916,1.6331,1.4902,0.4951,2.5619,0.6947,1.3427
SYN-BP-014,SYN-BP-014-SESS-2,7,synthetic,0.6006,1.907,1.6778,1.6194,0.2792,0.2209,2.8176,2.507,1.887,1.9293,0.9041,0.409,1.4161,2.2235,1.7802,1.5214,0.3249,2.7309,0.4409,1.1554
SYN-BP-015,SYN-BP-015-SESS-0,0,synthetic,2.6982,3.0077,2.6886,0.8888,0.2986,2.5068,2.4599,1.1475,2.4698,2.1223,2.485,0.0,2.8118,2.5249,1.1588,2.7949,0.9609,2.5177,2.1731,2.5566
SYN-BP-015,SYN-BP-015-SESS-0,1,synthetic,2.5945,2.9953,2.5153,1.0827,0.1994,2.36,2.2934,1.4299,2.6711,2.1314,2.3305,0.2624,2.6827,2.7191,1.1272,2.7472,0.9774,2.706,2.2144,2.2568
SYN-BP-015,SYN-BP-015-SESS-0,2,synthetic,2.5701,3.0921,2.5319,1.2252,0.4841,2.3393,2.2588,1.4594,2.722,2.1117,2.3577,0.3931,2.9173,2.7537,1.1167,2.6759,1.0562,2.6734,2.257,2.3402
SYN-BP-015,SYN-BP-015-SESS-0,3,synthetic,2.3348,2.8791,2.449,0.8891,0.4703,2.3702,2.5278,1.4011,2.6309,2.4365,2.5696,0.1701,2.6497,2.5691,1.0718,2.7074,0.931,2.4777,2.1955,2.3684
SYN-BP-015,SYN-BP-015-SESS-0,4,synthetic,2.6166,2.9941,2.5262,1.1486,0.4498,2.2999,2.3192,1.2817,2.5521,2.316,2.5107,0.1398,2.761,2.6754,1.1286,2.7385,1.0587,2.5894,2.1449,2.3931
SYN-BP-015,SYN-BP-015-SESS-0,5,synthetic,2.4706,2.9825,2.532,1.2004,0.4348,2.6739,2.2876,1.3872,2.7416,2.1949,2.4862,0.31,2.831,2.627,1.1084,2.7473,1.045,2.4792,2.3065,2.4091
SYN-BP-015,SYN-BP-015-SESS-0,6,synthetic,2.4878,2.9172,2.6407,0.8651,0.3283,2.231,2.3103,1.2711,2.5925,2.1632,2.5511,0.0,2.4899,2.6706,1.2477,2.7506,0.8494,2.3285,2.2752,2.3864
SYN-BP-015,SYN-BP-015-SESS-0,7,synthetic,2.4892,2.8758,2.3103,1.1704,0.6079,2.5006,2.4026,1.3418,2.6086,2.2049,2.4826,0.1114,2.6813,2.5077,1.1165,2.888,1.1237,2.4305,2.3051,2.4184
SYN-BP-015,SYN-BP-015-SESS-1,0,synthetic,2.3768,3.0589,2.7253,1.2246,0.8093,2.103,2.3771,1.1643,2.2988,1.9793,2.4268,0.0,2.8302,2.5657,0.9104,2.6039,0.7533,2.4203,2.7488,2.5497
SYN-BP-015,SYN-BP-015-SESS-1,1,synthetic,2.5981,3.0884,2.4225,1.3702,0.8606,1.9251,2.1425,1.4064,2.4998,2.0198,2.4295,0.0,2.9343,2.6823,0.7662,2.716,0.8556,2.4799,2.7907,2.4304
SYN-BP-015,SYN-BP-015-SESS-1,2,synthetic,2.4675,2.9708,2.5798,1.3893,0.7736,2.1203,2.3956,1.2255,2.2656,1.8431,2.5319,0.0,3.0141,2.7033,0.8785,2.5523,0.6788,2.5172,2.763,2.4517
SYN-BP-015,SYN-BP-015-SESS-1,3,synthetic,2.471,3.0743,2.4633,1.1743,0.9794,2.0296,2.1877,1.315,2.3815,2.1224,2.555,0.0,2.7927,2.87,0.8388,2.6545,0.8634,2.6012,2.9042,2.2886
SYN-BP-015,SYN-BP-015-SESS-1,4,synthetic,2.4055,3.0107,2.5556,1.3985,1.0236,2.1026,2.1817,1.3433,2.4386,2.0922,2.5401,0.1666,2.9322,2.7171,0.8951,2.6174,0.7646,2.4517,2.7055,2.3576
SYN-BP-015,SYN-BP-015-SESS-1,5,synthetic,2.5566,2.9339,2.5725,1.233,0.7565,1.6969,2.3495,1.4276,2.3649,1.9477,2.5586,0.0,2.7115,2.666,0.8422,2.4958,0.8568,2.304,2.7981,2.531
SYN-BP-015,SYN-BP-015-SESS-1,6,synthetic,2.3585,3.0827,2.7194,1.2142,0.7546,1.9495,2.2834,1.2702,2.3115,1.9035,2.2633,0.0,2.9419,2.7501,0.9075,2.5631,0.7421,2.3983,2.8119,2.3166
SYN-BP-015,SYN-BP-015-SESS-1,7,synthetic,2.5824,3.0668,2.5703,1.3902,0.94,1.742,2.2426,1.2774,2.1104,2.0811,2.5399,0.0,2.8338,2.8184,0.8432,2.6151,0.8495,2.5645,2.6261,2.5495
SYN-BP-015,SYN-BP-015-SESS-2,0,synthetic,2.4196,3.2947,2.7955,1.095,0.6215,2.1778,1.9492,1.4882,2.6474,1.8341,2.6049,0.2911,2.5159,2.9714,0.9238,2.5918,0.7573,2.7607,2.4906,2.2242
SYN-BP-015,SYN-BP-015-SESS-2,1,synthetic,2.4577,3.0774,2.7136,1.0955,0.5844,2.2136,2.1361,1.3118,2.4765,1.8695,2.7264,0.2952,2.3572,2.6862,0.7973,2.6716,0.6417,2.8583,2.5874,2.4557
SYN-BP-015,SYN-BP-015-SESS-2,2,synthetic,2.4713,3.0754,2.6583,1.1241,0.7147,2.1311,2.1235,1.4279,2.4252,1.94,2.631,0.2818,2.4038,2.9805,1.2022,2.7567,0.8342,2.7579,2.464,2.3902
SYN-BP-015,SYN-BP-015-SESS-2,3,synthetic,2.6522,3.2229,2.7372,1.0982,0.4839,2.3948,2.1475,1.5765,2.5067,1.8813,2.5054,0.2066,2.5092,2.8306,0.9097,2.5973,0.7375,2.6991,2.8838,2.2142
SYN-BP-015,SYN-BP-015-SESS-2,4,synthetic,2.5169,3.0302,2.6042,1.199,0.4539,2.2349,2.3276,1.3948,2.5799,1.9911,2.385,0.1522,2.4475,2.9574,0.874,2.4887,0.6907,2.7753,2.6259,2.3871
SYN-BP-015,SYN-BP-015-SESS-2,5,synthetic,2.3356,3.2173,2.6871,1.0059,0.4712,2.3763,2.2401,1.3795,2.5598,1.8178,2.7632,0.2512,2.2627,2.828,0.8939,2.6283,0.7062,2.8669,2.6351,2.4899
SYN-BP-015,SYN-BP-015-SESS-2,6,synthetic,2.469,3.3165,2.8566,1.1171,0.6282,2.2544,2.2287,1.4077,2.7386,2.0104,2.6435,0.0748,2.3813,2.8491,0.8066,2.4718,0.8878,2.8409,2.5615,2.343
SYN-BP-015,SYN-BP-015-SESS-2,7,synthetic,2.5603,3.2599,2.8828,1.0873,0.5632,2.2421,2.3677,1.4027,2.4702,1.8668,2.7072,0.3161,2.3918,2.9755,0.9983,2.7472,0.7781,2.7657,2.6726,2.3988
SYN-BP-016,SYN-BP-016-SESS-0,0,synthetic,1.2293,1.5549,2.7559,0.7089,0.8531,1.4821,1.0716,0.0899,1.605,1.4427,1.9829,1.3794,0.3114,1.5964,0.4795,0.3833,2.7185,2.6608,2.858,2.1573
SYN-BP-016,SYN-BP-016-SESS-0,1,synthetic,1.0694,1.5593,2.7038,0.4571,0.7401,1.4821,1.1482,0.0,1.4306,1.6378,1.8754,1.5103,0.4133,1.6593,0.4019,0.4401,2.6811,2.6083,2.8603,2.1307
SYN-BP-016,SYN-BP-016-SESS-0,2,synthetic,1.3097,1.7545,2.7227,0.6903,0.8794,1.6674,1.018,0.1496,1.4596,1.8,2.1213,1.5104,0.4513,1.6306,0.5697,0.3652,2.73,2.5855,3.0538,2.1008
SYN-BP-016,SYN-BP-016-SESS-0,3,synthetic,1.1259,1.703,2.7828,0.7129,0.9461,1.5982,0.9453,0.1789,1.6766,1.5924,2.0252,1.4799,0.4729,1.4046,0.5739,0.4578,2.7317,2.6648,3.042,2.1862
SYN-BP-016,SYN-BP-016-SESS-0,4,synthetic,1.0426,1.6383,2.5243,0.6967,1.0067,1.4621,0.794,0.11,1.6591,1.7629,1.952,1.4581,0.3006,1.7067,0.3897,0.4018,2.8035,2.5925,2.7737,2.092
SYN-BP-016,SYN-BP-016-SESS-0,5,synthetic,1.1617,1.6838,2.8253,0.6635,0.8274,1.432,0.9513,0.3584,1.6652,1.5407,2.1282,1.5086,0.5354,1.6572,0.2828,0.3626,2.678,2.7277,2.8515,2.1513
SYN-BP-016,SYN-BP-016-SESS-0,6,synthetic,0.9691,1.5514,2.6632,0.6141,0.8783,1.5405,0.9675,0.2342,1.6606,1.5739,2.0095,1.3533,0.3819,1.4416,0.5933,0.2315,2.6632,2.6585,2.8123,2.2022
SYN-BP-016,SYN-BP-016-SESS-0,7,synthetic,1.0545,1.6975,2.7417,0.4975,0.7207,1.4432,0.9212,0.1082,1.6519,1.6328,2.0352,1.509,0.3379,1.3501,0.2836,0.3923,2.6025,2.4841,2.7728,2.1757
SYN-BP-016,SYN-BP-016-SESS-1,0,synthetic,0.8632,1.8538,2.9137,0.9253,0.3498,1.6971,0.8494,0.4768,1.7732,1.2468,1.9714,1.6001,0.4306,1.3409,0.525,0.2262,3.0642,2.9398,3.0383,2.0727
SYN-BP-016,SYN-BP-016-SESS-1,1,synthetic,0.9404,1.5594,2.906,0.7729,0.5868,1.6498,0.9157,0.7193,1.4588,1.2763,2.064,1.5116,0.3033,1.4591,0.2998,0.4161,3.1455,2.7257,2.8442,2.3225
SYN-BP-016,SYN-BP-016-SESS-1,2,synthetic,1.239,1.8,2.8165,0.8059,0.4582,1.6161,0.8473,0.4949,1.5521,1.1848,1.9394,1.6514,0.3225,1.5939,0.4321,0.4271,3.1703,2.8487,3.0756,2.307
SYN-BP-016,SYN-BP-016-SESS-1,3,synthetic,1.1517,1.7214,2.8737,0.8087,0.4605,1.6175,0.6935,0.5182,1.5128,1.1808,2.2309,1.8183,0.3359,1.5487,0.3743,0.3982,3.1717,2.8497,3.0332,2.351
SYN-BP-016,SYN-BP-016-SESS-1,4,synthetic,1.0619,1.7589,2.9755,0.7594,0.6155,1.5923,0.8203,0.5137,1.5131,1.2602,1.9727,1.6254,0.2584,1.3717,0.351,0.4043,3.2033,2.8056,3.1048,2.2051
SYN-BP-016,SYN-BP-016-SESS-1,5,synthetic,1.1968,1.7684,2.9344,0.9385,0.6563,1.5479,0.6108,0.5175,1.5259,1.0537,1.9472,1.4899,0.5163,1.5329,0.4206,0.4029,3.0581,2.8184,2.9914,2.2952
SYN-BP-016,SYN-BP-016-SESS-1,6,synthetic,1.1805,1.604,2.7831,0.7904,0.5142,1.4842,0.7857,0.5948,1.4506,1.1689,2.0247,1.6169,0.3848,1.5986,0.5167,0.5385,3.0415,2.7853,3.0087,2.1605
SYN-BP-016,SYN-BP-016-SESS-1,7,synthetic,1.1184,1.7216,2.9908,0.6706,0.4273,1.4386,0.7508,0.582,1.6604,1.2358,1.8392,1.6162,0.3528,1.6182,0.5149,0.4029,2.9698,2.8847,2.9846,2.0804
SYN-BP-016,SYN-BP-016-SESS-2,0,synthetic,1.417,1.5075,2.9251,0.9641,0.8545,1.7398,0.8905,0.2106,1.547,1.5284,2.0634,1.6774,0.4133,1.5363,0.3989,0.375,2.9353,2.7929,2.7048,2.3437
SYN-BP-016,SYN-BP-016-SESS-2,1,synthetic,1.2919,1.5424,2.7195,0.8762,0.8574,1.5252,0.8865,0.2147,1.6345,1.4076,2.0109,1.8135,0.3341,1.3305,0.4953,0.3141,2.6504,2.7608,2.6458,2.2237
SYN-BP-016,SYN-BP-016-SESS-2,2,synthetic,1.3169,1.6771,2.9347,0.8721,0.801,1.5268,0.6387,0.2415,1.5559,1.4076,2.1591,1.7041,0.4865,1.5454,0.3824,0.289,2.9623,2.8348,2.8147,2.5354
SYN-BP-016,SYN-BP-016-SESS-2,3,synthetic,1.3142,1.527,2.9407,1.0155,0.7935,1.5065,0.9057,0.0304,1.7423,1.6129,2.0442,1.7572,0.3729,1.4575,0.3245,0.2804,3.0488,2.9035,2.8214,2.2658
SYN-BP-016,SYN-BP-016-SESS-2,4,synthetic,1.359,1.5833,2.7771,0.9895,0.8151,1.6978,0.9327,0.0733,1.7174,1.5316,2.2443,1.4683,0.3862,1.4616,0.4121,0.1855,2.871,2.9622,2.5183,2.5825
SYN-BP-016,SYN-BP-016-SESS-2,5,synthetic,1.1213,1.486,2.7751,0.953,0.6927,1.5601,0.8156,0.2211,1.7177,1.6717,1.9164,1.627,0.3424,1.4068,0.294,0.3626,2.698,2.8703,2.8445,2.4866
SYN-BP-016,SYN-BP-016-SESS-2,6,synthetic,1.5159,1.7849,2.7846,1.0392,0.8095,1.5609,0.9525,0.1103,1.5259,1.4767,1.9124,1.6595,0.4092,1.3535,0.2356,0.1079,2.6445,2.9253,2.6555,2.3658
SYN-BP-016,SYN-BP-016-SESS-2,7,synthetic,1.268,1.5368,2.6946,1.0726,0.7135,1.6554,0.8131,0.0584,1.6635,1.4589,2.0546,1.7601,0.4615,1.5285,0.3277,0.1122,2.8077,3.081,2.759,2.4531
SYN-BP-017,SYN-BP-017-SESS-0,0,synthetic,0.4897,0.5697,2.5768,2.1998,2.0816,2.8641,0.6294,1.122,2.0038,0.5883,1.2939,1.4495,0.6679,0.9947,1.2081,1.8539,1.2376,1.7496,1.1314,2.3021
SYN-BP-017,SYN-BP-017-SESS-0,1,synthetic,0.7228,0.6704,2.6645,2.0038,1.7419,2.7671,0.5297,1.0164,2.0104,0.5947,1.1848,1.2694,0.8592,1.0912,1.0588,1.78,1.4818,1.6227,1.2529,2.0953
SYN-BP-017,SYN-BP-017-SESS-0,2,synthetic,0.839,0.6048,2.7341,2.1234,1.8924,2.7934,0.6958,1.224,2.1025,0.5228,1.2367,1.4592,0.8281,1.0867,0.9212,1.9255,1.3459,1.6865,1.1501,2.0969
SYN-BP-017,SYN-BP-017-SESS-0,3,synthetic,0.8327,0.7446,2.5848,2.1199,2.0074,2.6795,0.5479,1.0852,2.1784,0.5042,1.2605,1.4205,0.945,0.9683,1.137,1.871,1.1883,1.671,1.1913,2.1273
SYN-BP-017,SYN-BP-017-SESS-0,4,synthetic,0.7746,0.7841,2.6972,2.0425,1.7489,2.9261,0.3405,1.1208,2.198,0.5655,1.3149,1.3737,0.8106,1.1225,0.9526,1.7644,1.1937,1.6507,1.0427,2.1465
SYN-BP-017,SYN-BP-017-SESS-0,5,synthetic,0.7219,0.6765,2.6818,2.1563,1.7034,2.9595,0.5742,1.103,2.1827,0.5487,1.3236,1.4382,0.6828,1.0752,1.1322,1.7759,1.1898,1.7251,0.9466,2.0748
SYN-BP-017,SYN-BP-017-SESS-0,6,synthetic,0.691,0.6745,2.586,2.1898,2.0728,2.8523,0.588,0.9956,2.1668,0.5521,1.241,1.4634,0.7978,1.0474,1.1437,1.8887,1.2759,1.713,0.9328,2.193
SYN-BP-017,SYN-BP-017-SESS-0,7,synthetic,0.7851,0.8267,2.491,2.0331,1.8255,2.7266,0.583,1.2777,2.0381,0.4716,1.263,1.3868,0.7747,1.2211,1.0151,1.9476,1.34,1.6833,1.1338,2.0068
SYN-BP-017,SYN-BP-017-SESS-1,0,synthetic,0.0904,1.0285,2.6899,2.086,1.6553,2.7019,0.4698,1.0693,2.3634,0.8657,1.8324,1.317,0.5506,1.0605,0.7143,1.4472,1.2766,1.5301,0.8947,2.6161
SYN-BP-017,SYN-BP-017-SESS-1,1,synthetic,0.1284,0.9072,2.5586,2.2029,1.7006,2.5836,0.4737,0.8901,2.1009,0.7224,1.6843,1.3978,0.4832,1.2256,0.6489,1.7153,1.2386,1.5424,1.0898,2.5587
SYN-BP-017,SYN-BP-017-SESS-1,2,synthetic,0.0019,0.9508,2.6333,2.1781,1.6771,2.6745,0.5783,0.8659,1.9557,0.593,1.7155,1.4742,0.4901,1.2498,0.9118,1.4578,1.3112,1.4708,0.9809,2.3491
SYN-BP-017,SYN-BP-017-SESS-1,3,synthetic,0.2179,0.8794,2.519,2.2925,1.6165,2.5003,0.529,0.9002,2.2112,0.6571,1.5821,1.3576,0.5026,1.1101,1.0569,1.4243,1.1995,1.5973,1.0614,2.5918
SYN-BP-017,SYN-BP-017-SESS-1,4,synthetic,0.0464,1.0141,2.6101,2.3836,1.8541,2.6364,0.4464,1.0068,2.1035,0.6941,1.7985,1.3911,0.5318,1.1272,0.8356,1.7008,1.3648,1.4629,1.0091,2.4231
SYN-BP-017,SYN-BP-017-SESS-1,5,synthetic,0.1732,0.9115,2.4994,2.2484,1.5493,2.6629,0.5422,0.9088,2.0392,0.7047,1.7379,1.2294,0.6792,1.0778,1.0745,1.6769,1.3388,1.5749,0.9174,2.57
SYN-BP-017,SYN-BP-017-SESS-1,6,synthetic,0.0823,1.0196,2.4731,2.2107,1.3546,2.5348,0.4195,0.941,2.1443,0.7173,1.9325,1.3271,0.1066,1.1761,0.9126,1.5911,1.3431,1.6907,0.9792,2.4177
SYN-BP-017,SYN-BP-017-SESS-1,7,synthetic,0.2142,0.9125,2.4092,2.1018,1.6398,2.4532,0.3445,0.9776,1.8873,0.7866,1.9586,1.3613,0.4545,1.1007,0.597,1.6081,1.121,1.5194,0.842,2.4207
SYN-BP-017,SYN-BP-017-SESS-2,0,synthetic,0.667,0.6703,2.183,2.3143,1.4463,2.8138,0.7249,1.0764,2.1525,0.5914,1.6279,1.4517,0.7921,1.1256,1.1796,1.7823,0.8525,1.5475,1.1068,2.3034
SYN-BP-017,SYN-BP-017-SESS-2,1,synthetic,0.494,0.7132,2.2132,2.4133,1.5052,2.8008,0.6366,1.0885,2.2377,0.6008,1.3692,1.5608,0.7275,0.8775,0.9011,1.4616,0.7563,1.6735,1.0369,2.36
SYN-BP-017,SYN-BP-017-SESS-2,2,synthetic,0.5345,0.8725,2.1821,2.3919,1.5377,2.9611,0.6621,0.9457,2.0046,0.6682,1.4466,1.4161,0.4512,0.8625,1.1569,1.5598,0.9899,1.4838,1.0268,2.4647
SYN-BP-017,SYN-BP-017-SESS-2,3,synthetic,0.4737,0.6962,2.3159,2.3033,1.3232,2.8338,0.6327,0.8151,2.0795,0.5593,1.4543,1.4911,0.453,1.0237,1.1969,1.8367,0.784,1.5919,0.9996,2.2153
SYN-BP-017,SYN-BP-017-SESS-2,4,synthetic,0.4576,0.6478,2.1065,2.3151,1.4802,2.8137,0.6758,1.0211,2.1514,0.5877,1.4209,1.5361,0.6253,0.987,1.1085,1.628,0.8462,1.4402,0.9878,2.3435
SYN-BP-017,SYN-BP-017-SESS-2,5,synthetic,0.5303,0.6388,2.1919,2.5677,1.2931,2.8363,0.6653,0.9749,2.0531,0.6549,1.5283,1.4934,0.5522,1.1018,1.287,1.5877,0.9538,1.4454,1.2003,2.4163
SYN-BP-017,SYN-BP-017-SESS-2,6,synthetic,0.4822,0.7176,2.0695,2.42,1.4695,2.6514,0.6454,0.8165,2.2605,0.5953,1.5886,1.3953,0.8434,1.0185,1.1059,1.599,0.83,1.4622,1.0474,2.2563
SYN-BP-017,SYN-BP-017-SESS-2,7,synthetic,0.5681,0.5734,2.206,2.5215,1.4589,2.8652,0.5932,0.8968,2.2817,0.4403,1.5821,1.3618,0.7176,1.0436,1.2104,1.6174,0.9164,1.4673,1.0824,2.367
SYN-BP-018,SYN-BP-018-SESS-0,0,synthetic,2.4827,1.0778,0.9468,2.7559,1.7078,1.5196,3.1194,2.808,0.269,2.2038,0.587,1.6605,1.1488,2.5359,2.1878,1.8642,2.5675,1.3449,1.0928,0.1996
SYN-BP-018,SYN-BP-018-SESS-0,1,synthetic,2.8301,1.113,1.0835,3.0378,1.5183,1.4129,3.0421,2.916,0.3307,2.1818,0.4192,1.547,1.3915,2.4115,2.1253,1.8101,2.6854,1.2544,1.3912,0.3269
SYN-BP-018,SYN-BP-018-SESS-0,2,synthetic,2.7445,1.1754,0.9881,2.706,1.7519,1.5091,3.1101,2.9605,0.2302,2.1781,0.4728,1.3953,1.391,2.5266,2.1545,1.9316,2.4854,1.4334,1.2119,0.3322
SYN-BP-018,SYN-BP-018-SESS-0,3,synthetic,2.725,1.1152,0.91,2.925,1.636,1.549,2.983,2.9091,0.2976,2.1591,0.6196,1.7392,1.198,2.46,2.1825,1.7791,2.5889,1.3963,1.2606,0.1973
SYN-BP-018,SYN-BP-018-SESS-0,4,synthetic,2.8028,1.2138,1.096,2.8378,1.4967,1.6327,2.9561,2.9995,0.1971,2.1749,0.5662,1.5196,1.3386,2.5693,2.0926,1.8753,2.6055,1.3836,1.1831,0.239
SYN-BP-018,SYN-BP-018-SESS-0,5,synthetic,2.6724,1.149,1.0133,2.8759,1.7127,1.4388,3.01,2.9339,0.2406,2.1327,0.494,1.4846,1.194,2.4426,2.2102,1.7761,2.6332,1.2664,1.1155,0.2458
SYN-BP-018,SYN-BP-018-SESS-0,6,synthetic,2.8005,1.2062,1.0004,2.8521,1.6756,1.4604,2.9692,2.9155,0.2742,2.0154,0.567,1.457,1.1218,2.3808,1.9333,1.933,2.5686,1.418,1.2913,0.2669
SYN-BP-018,SYN-BP-018-SESS-0,7,synthetic,2.5653,1.249,1.0295,2.8085,1.5415,1.64,2.9441,2.9183,0.3149,2.3304,0.6978,1.6229,1.2689,2.6269,2.2307,1.6535,2.6019,1.2567,1.3878,0.4523
SYN-BP-018,SYN-BP-018-SESS-1,0,synthetic,3.0349,1.0401,0.7794,2.8667,1.6845,1.2233,2.4346,3.2122,0.3947,1.9881,0.6266,1.9139,1.5322,2.4107,2.2683,2.144,2.6356,1.3456,1.3388,0.659
SYN-BP-018,SYN-BP-018-SESS-1,1,synthetic,2.8205,0.9913,0.9984,2.7955,1.6041,1.3755,2.4722,2.9475,0.3649,2.0347,0.7512,2.1572,1.6089,2.6153,2.0114,2.1388,2.4608,1.5239,1.2384,0.6211
SYN-BP-018,SYN-BP-018-SESS-1,2,synthetic,2.7814,1.0507,0.781,2.954,1.7775,1.2708,2.5668,3.017,0.2425,2.1028,0.3351,1.7908,1.3975,2.5485,2.1893,2.2581,2.495,1.3727,1.4966,0.4726
SYN-BP-018,SYN-BP-018-SESS-1,3,synthetic,2.6187,0.89,0.7823,2.9696,1.7568,1.2888,2.6034,3.0346,0.2798,2.077,0.5371,1.9501,1.5647,2.445,2.176,2.2602,2.6083,1.4321,1.2651,0.5476
SYN-BP-018,SYN-BP-018-SESS-1,4,synthetic,3.009,0.9882,0.9854,2.7426,1.846,1.1959,2.5646,3.0509,0.3235,1.9453,0.458,2.0483,1.5339,2.3261,2.2136,2.2023,2.5442,1.2606,1.3935,0.6133
SYN-BP-018,SYN-BP-018-SESS-1,5,synthetic,2.8024,0.9638,0.7006,3.0214,1.7159,1.2327,2.6309,3.0707,0.3365,1.7759,0.579,2.0349,1.4561,2.4795,2.1092,2.1745,2.5072,1.4622,1.2962,0.5932
SYN-BP-018,SYN-BP-018-SESS-1,6,synthetic,2.8485,0.9274,0.8577,3.0542,1.7391,1.3036,2.4832,3.063,0.3165,1.9159,0.4774,1.9589,1.6263,2.4357,2.167,2.1806,2.3673,1.6229,1.3662,0.5877
SYN-BP-018,SYN-BP-018-SESS-1,7,synthetic,2.8198,1.1244,0.8674,3.0359,1.5329,1.3195,2.5027,3.0671,0.3545,1.986,0.435,2.0379,1.6602,2.446,2.1433,2.3017,2.7024,1.3422,1.4106,0.6471
SYN-BP-018,SYN-BP-018-SESS-2,0,synthetic,2.7238,0.9767,0.7785,2.9042,1.6077,1.7057,2.7654,2.8728,0.3816,1.9075,0.4712,1.9752,1.3464,2.174,2.2982,1.7533,2.2248,1.34,1.3533,0.3422
SYN-BP-018,SYN-BP-018-SESS-2,1,synthetic,2.6609,1.0882,0.7286,2.6711,1.6848,1.6068,2.9067,3.0218,0.2343,1.9947,0.363,2.087,1.4052,2.1461,2.2097,1.9678,2.2529,1.3473,1.3563,0.4174
SYN-BP-018,SYN-BP-018-SESS-2,2,synthetic,2.8501,0.9614,0.6622,2.7525,1.4515,1.7091,2.7193,2.9873,0.3502,1.8982,0.4866,2.143,1.2386,2.1585,2.2046,2.0262,2.3103,1.4525,1.445,0.2535
SYN-BP-018,SYN-BP-018-SESS-2,3,synthetic,2.7752,1.0168,0.7153,2.744,1.4107,1.6088,2.6538,3.0061,0.335,1.9603,0.4717,1.9619,1.3589,2.2397,2.058,1.9407,2.2625,1.4344,1.3313,0.2314
SYN-BP-018,SYN-BP-018-SESS-2,4,synthetic,2.6995,1.0909,0.6848,2.6371,1.4932,1.5845,2.9147,2.8483,0.4177,1.9391,0.3167,2.0417,1.345,2.2636,2.4508,2.1134,2.4403,1.2055,1.4926,0.4465
SYN-BP-018,SYN-BP-018-SESS-2,5,synthetic,2.6589,0.9717,0.7124,2.9025,1.6444,1.6809,2.5766,2.9918,0.1249,1.9197,0.2672,2.1213,1.5527,2.215,2.3013,1.8675,2.2559,1.3712,1.1744,0.1832
SYN-BP-018,SYN-BP-018-SESS-2,6,synthetic,2.8112,0.8954,0.7193,2.9143,1.6331,1.7986,2.7195,2.8712,0.2417,2.0247,0.2941,1.9973,1.4583,2.2545,2.3873,2.0948,2.4168,1.2767,1.2765,0.1743
SYN-BP-018,SYN-BP-018-SESS-2,7,synthetic,2.8892,1.0928,0.8175,2.6438,1.6733,1.6096,2.8034,2.8354,0.2908,1.9932,0.4144,1.8482,1.4005,2.2838,2.3055,1.813,2.1736,1.469,1.3425,0.2281
SYN-BP-019,SYN-BP-019-SESS-0,0,synthetic,1.6962,1.4303,1.713,1.7459,2.3566,2.4036,0.3214,2.7062,1.51,2.4641,0.9859,1.1456,1.268,3.1261,2.6373,2.0417,0.8142,1.7277,0.8895,2.7598
SYN-BP-019,SYN-BP-019-SESS-0,1,synthetic,1.6038,1.3206,1.7027,1.6298,2.4676,2.5031,0.3692,2.7306,1.4129,2.5874,0.8836,1.2867,1.1997,2.7987,2.8175,2.1731,0.7298,1.6026,0.6076,2.5489
SYN-BP-019,SYN-BP-019-SESS-0,2,synthetic,1.6397,1.5688,1.6534,1.9247,2.3487,2.6425,0.3032,2.5943,1.4461,2.5079,1.1847,1.2974,1.4078,2.8387,2.698,2.018,0.7383,1.4102,0.7762,2.6602
SYN-BP-019,SYN-BP-019-SESS-0,3,synthetic,1.6287,1.674,1.9701,1.5845,2.2876,2.3583,0.2773,2.7622,1.1701,2.6483,1.0631,1.397,1.1316,2.9716,2.7605,1.9512,1.0993,1.6161,0.8905,2.62
SYN-BP-019,SYN-BP-019-SESS-0,4,synthetic,1.7413,1.5541,1.7236,1.6071,2.3533,2.3746,0.4833,2.7032,1.4173,2.4833,1.136,1.2849,1.1807,2.9435,2.7223,1.747,0.8077,1.5823,0.6713,2.571
SYN-BP-019,SYN-BP-019-SESS-0,5,synthetic,1.8235,1.5976,1.8413,1.8217,2.5119,2.5135,0.2358,2.8333,1.2411,2.5339,0.9392,1.2547,1.292,3.0209,2.6843,2.0187,0.9956,1.4982,0.7312,2.5773
SYN-BP-019,SYN-BP-019-SESS-0,6,synthetic,1.5593,1.391,1.8692,1.7879,2.1998,2.5473,0.4618,2.9052,1.4924,2.6267,0.9937,1.2418,1.198,2.9351,2.7544,2.0221,0.8574,1.4777,0.6952,2.5666
SYN-BP-019,SYN-BP-019-SESS-0,7,synthetic,1.6451,1.5271,1.8108,1.5571,2.4221,2.428,0.5848,2.9949,1.4684,2.5919,0.9261,1.1162,1.4484,2.8969,2.8111,2.0344,1.1136,1.5678,0.7615,2.5586
SYN-BP-019,SYN-BP-019-SESS-1,0,synthetic,1.6766,1.6321,1.6585,1.8628,2.5533,2.3618,0.8511,2.6456,1.7018,2.1602,0.851,1.1528,1.7189,2.9994,2.4581,2.377,1.1356,1.2105,0.8204,2.523
SYN-BP-019,SYN-BP-019-SESS-1,1,synthetic,1.4656,1.761,1.7955,1.9504,2.5547,2.523,1.0137,2.9037,1.69,2.4248,0.8288,1.0452,1.5521,2.9161,2.4498,2.3266,1.2701,1.1574,0.6995,2.4857
SYN-BP-019,SYN-BP-019-SESS-1,2,synthetic,1.6437,1.6267,1.5938,1.8668,2.5668,2.7504,0.8582,2.7234,1.6279,2.1936,0.9791,1.4348,1.6835,2.9262,2.5333,2.6045,1.1486,1.1245,0.7524,2.4747
SYN-BP-019,SYN-BP-019-SESS-1,3,synthetic,1.3602,1.6219,1.7093,1.9885,2.5003,2.3081,0.7968,2.6495,1.4681,2.2597,0.9394,1.1741,1.6812,3.0335,2.5908,2.3159,1.2898,1.1315,0.8209,2.6021
SYN-BP-019,SYN-BP-019-SESS-1,4,synthetic,1.7679,1.7672,1.6913,1.8573,2.4855,2.4987,0.9541,2.7077,1.6164,2.2407,0.7564,1.0959,1.6914,2.9157,2.5705,2.3768,1.3775,1.1215,0.9447,2.4746
SYN-BP-019,SYN-BP-019-SESS-1,5,synthetic,1.5982,1.853,1.6893,1.7983,2.6716,2.3893,0.6734,2.9119,1.5924,2.3346,0.8981,1.1393,1.6493,2.8456,2.6243,2.2403,1.2438,1.4288,0.778,2.517
SYN-BP-019,SYN-BP-019-SESS-1,6,synthetic,1.4613,1.879,1.7629,1.9336,2.4567,2.3811,0.8155,2.7392,1.5946,2.0367,0.7958,1.4309,1.6746,3.0659,2.3894,2.4662,1.1872,1.1524,0.8191,2.5038
SYN-BP-019,SYN-BP-019-SESS-1,7,synthetic,1.6598,1.6181,1.7494,1.7941,2.8369,2.2667,0.9681,2.9041,1.6377,2.2404,0.8903,1.2648,1.6957,3.0275,2.589,2.3728,1.1505,1.2487,0.7436,2.4116
SYN-BP-019,SYN-BP-019-SESS-2,0,synthetic,1.8716,1.5614,1.4107,1.8076,2.5159,2.6358,0.1641,2.608,1.4542,2.3758,1.0112,0.9602,1.4395,2.8967,2.9566,1.9435,1.0205,1.3655,0.994,2.5767
SYN-BP-019,SYN-BP-019-SESS-2,1,synthetic,1.7662,1.5833,1.5763,1.9988,2.4903,2.3869,0.3048,2.7121,1.3808,2.3172,0.9903,0.9925,1.3334,2.8198,2.8308,1.9143,1.1994,1.3318,0.9455,2.6462
SYN-BP-019,SYN-BP-019-SESS-2,2,synthetic,2.0499,1.4073,1.441,1.7307,2.5429,2.4906,0.339,2.7227,1.2755,2.4707,0.9404,1.0704,1.2111,2.9373,2.7281,1.8098,1.3967,1.2516,1.244,2.7799
SYN-BP-019,SYN-BP-019-SESS-2,3,synthetic,2.0331,1.4254,1.6218,1.8868,2.3622,2.6521,0.377,2.7737,1.3336,2.323,1.0338,1.0788,1.1654,2.9484,2.8899,1.9345,1.1938,1.2244,1.1517,2.4641
SYN-BP-019,SYN-BP-019-SESS-2,4,synthetic,1.8306,1.6793,1.5537,2.039,2.5236,2.3246,0.3797,2.6532,1.5819,2.4521,0.8818,1.0588,1.3784,2.8112,2.7426,1.9266,1.2357,1.4174,1.0638,2.6544
SYN-BP-019,SYN-BP-019-SESS-2,5,synthetic,1.8628,1.7597,1.3172,1.9321,2.5289,2.5831,0.2081,2.5928,1.4034,2.4333,1.0152,1.0833,1.4525,2.9277,2.8773,2.1365,1.1247,1.3073,0.9448,2.6846
SYN-BP-019,SYN-BP-019-SESS-2,6,synthetic,1.8441,1.6961,1.4329,1.8749,2.6534,2.5102,0.3866,2.6527,1.4089,2.4343,1.0551,1.1288,1.4738,2.7168,2.9047,2.079,1.2277,1.393,0.9228,2.6883
SYN-BP-019,SYN-BP-019-SESS-2,7,synthetic,1.825,1.4674,1.6316,1.9502,2.5762,2.3776,0.2835,2.6213,1.567,2.2999,0.911,1.049,1.3119,2.8674,3.0796,1.8547,1.0742,1.1425,1.1335,2.5467
