subject_id,utterance_id,data_provenance,band_energy_0,band_energy_1,band_energy_2,band_energy_3,band_energy_4,band_energy_5,band_energy_6,band_energy_7,band_energy_8,band_energy_9,band_energy_10,band_energy_11,band_energy_12,band_energy_13,band_energy_14,band_energy_15
SYN-VOICE-000,0,synthetic,1.08222,-1.77036,-0.658775,-0.800588,0.652292,0.159414,1.175304,-1.533077,0.057481,-1.836084,-1.601424,0.513365,-2.45574,-1.375515,0.400061,0.267477
SYN-VOICE-000,1,synthetic,0.941707,-2.422421,-1.011514,-0.996723,0.537429,0.674832,1.634641,-2.119628,-0.769873,-1.900015,-1.204776,0.098852,-1.119876,-0.891378,0.755308,-0.068791
SYN-VOICE-000,2,synthetic,0.883357,-2.173686,-0.350572,-0.691797,0.244219,0.295533,1.501805,-1.792725,-0.753601,-2.309783,-0.872699,-0.164862,-2.428902,-1.302857,0.938877,0.768815
SYN-VOICE-000,3,synthetic,0.579333,-2.010067,-1.181405,-1.289331,1.132434,1.14549,2.003944,-1.737611,-0.002587,-1.61357,-0.966657,-0.836368,-1.915932,-1.303932,1.064098,0.08068
SYN-VOICE-000,4,synthetic,0.715608,-1.808376,-0.456504,-0.840306,1.305941,1.230245,1.904369,-1.378312,-0.40354,-1.846716,-0.368616,0.033403,-1.715454,-1.231061,0.497736,-0.868404
SYN-VOICE-000,5,synthetic,1.156761,-2.31361,-1.190987,-0.633062,0.122126,0.716574,1.372549,-2.297387,-0.096808,-2.150806,-1.161668,-0.12888,-1.669958,-0.413738,0.160145,0.47975
SYN-VOICE-001,0,synthetic,-1.359925,0.232708,0.576113,-2.372744,1.072345,1.078271,-0.553029,-1.176631,2.084786,-1.137973,-1.120637,-1.726777,1.629679,0.351461,1.321677,1.144988
SYN-VOICE-001,1,synthetic,-1.90613,1.062513,1.298677,-1.591267,1.299475,0.823405,-1.101584,-1.51504,1.054109,-0.706456,-1.076746,-2.272303,1.149229,0.284635,1.635951,1.352496
SYN-VOICE-001,2,synthetic,-1.096368,0.389073,1.181136,-2.145405,1.054835,0.629437,-0.692753,-1.350734,1.606459,-0.43438,-1.642138,-1.425952,0.911997,0.168911,1.261095,1.018548
SYN-VOICE-001,3,synthetic,-1.180269,0.896129,1.164048,-1.47396,1.711667,1.035848,-0.483084,-1.184177,1.778083,-1.04772,-1.811645,-1.834954,1.245338,0.157757,0.851971,0.964234
SYN-VOICE-001,4,synthetic,-0.620252,0.050731,0.592617,-2.176957,0.790802,0.434519,-1.093985,-1.429871,2.01172,0.134161,-2.044307,-2.110213,1.32839,0.366278,1.791088,1.373526
SYN-VOICE-001,5,synthetic,-1.354198,-0.363681,1.436875,-2.131512,1.701949,0.747814,-0.691797,-1.79677,1.813039,-0.250115,-1.91467,-1.543721,1.183511,0.732188,1.208395,1.109611
SYN-VOICE-002,0,synthetic,0.255295,1.581888,-0.890224,0.66783,1.195831,0.112802,1.218425,0.890172,0.851038,-1.427775,-1.888854,-0.036404,-1.651083,-0.600201,-1.704912,-0.906869
SYN-VOICE-002,1,synthetic,0.44912,2.555273,-0.427441,-0.027288,1.676161,1.218559,0.975231,0.015603,1.045407,-1.966703,-1.863207,-0.841521,-1.576162,-0.821726,-1.101416,-1.342901
SYN-VOICE-002,2,synthetic,-0.041747,1.874349,-0.335716,-0.05218,1.330065,0.205921,1.751783,0.752638,0.552136,-1.605219,-1.448552,-0.697956,-2.178307,-0.976487,-1.184327,-0.562282
SYN-VOICE-002,3,synthetic,-0.499218,1.946609,-0.606201,0.712984,1.467021,0.995473,1.262137,-0.088346,-0.032554,-1.706344,-1.179962,-0.72993,-1.731363,-0.978328,-1.080895,-1.307848
SYN-VOICE-002,4,synthetic,0.340051,2.344808,-0.294105,0.868775,1.212738,0.536589,1.35005,0.200043,1.451029,-2.312104,-1.28612,-1.014583,-1.665547,-1.166808,-1.367444,-0.696766
SYN-VOICE-002,5,synthetic,0.784755,2.204547,-0.79826,-0.345798,1.180163,0.265763,1.362361,0.780898,0.944012,-2.290633,-1.359783,-0.276462,-2.096986,-0.806139,-1.292982,-1.306607
SYN-VOICE-003,0,synthetic,0.089999,-0.422959,-0.412306,-0.802478,-0.731672,1.396817,1.230983,0.50426,-1.264634,0.99085,-1.873274,-0.765745,2.246619,0.805878,0.053752,0.781394
SYN-VOICE-003,1,synthetic,0.359343,-0.73384,-0.668198,-1.547937,-1.182902,1.707851,0.596477,0.384567,-1.378282,1.066526,-1.302011,-0.455538,1.824139,0.540519,0.508635,0.98324
SYN-VOICE-003,2,synthetic,0.44242,-0.753619,-0.766272,-1.534865,-0.364575,1.454787,0.920754,0.418976,-1.08414,0.713351,-1.422144,-0.121525,2.513237,0.640846,0.637187,0.992877
SYN-VOICE-003,3,synthetic,0.887214,-0.407034,-0.533586,-0.3186,-1.030611,2.060109,0.528771,0.605891,-1.498863,0.682669,-1.38645,-0.181791,1.583164,1.055865,0.265511,0.914456
SYN-VOICE-003,4,synthetic,0.322179,-0.14308,-0.553433,-0.996805,-1.488081,2.44231,0.893345,0.205531,-1.512634,1.004876,-1.612536,-0.974342,1.931961,1.050082,0.471721,0.920462
SYN-VOICE-003,5,synthetic,0.392116,0.065717,-0.827512,-1.445397,-1.341906,1.916084,0.323731,0.467426,-1.011592,0.370399,-1.615195,-0.249849,2.021962,0.52809,0.248958,0.526566
SYN-VOICE-004,0,synthetic,1.490548,1.406119,-1.302714,-2.087399,-1.155274,-0.97551,-0.752318,1.549965,1.442204,-0.249745,0.342564,-0.520339,1.650624,-0.211202,-0.231158,-1.074481
SYN-VOICE-004,1,synthetic,1.883536,1.309094,-0.353936,-1.090647,-1.291798,-0.758535,-1.174639,2.281498,2.122294,-0.628479,0.599931,-0.203406,1.272941,-0.015401,-0.73776,-0.953131
SYN-VOICE-004,2,synthetic,1.04883,1.401434,-1.14233,-2.051057,-0.593137,-1.225821,-0.819451,1.752404,1.192901,-0.634351,1.322079,-0.028665,1.163862,-0.484048,-0.711546,-0.681015
SYN-VOICE-004,3,synthetic,1.31042,1.375939,-1.471269,-1.570183,-1.260791,-0.785858,-0.689912,1.73791,1.768533,-1.561986,0.940221,-0.476045,1.941212,-0.62591,-0.297484,-0.934746
SYN-VOICE-004,4,synthetic,1.967218,0.656622,-1.377027,-1.390674,-0.560241,-1.264316,-1.378597,1.510585,1.880523,-0.944498,0.640866,-0.047901,1.367803,-0.341583,-1.173648,-0.578914
SYN-VOICE-004,5,synthetic,1.200889,1.471171,-0.818984,-1.717363,-0.434981,-0.665941,-1.316241,2.072281,2.546132,-0.540233,0.633865,-0.368996,1.573447,-0.214288,-1.638101,-1.349071
SYN-VOICE-005,0,synthetic,0.616254,-0.807141,0.469993,1.369372,-0.320513,-1.033565,1.79212,-0.521967,-1.926638,-1.667714,-1.298168,0.482749,1.364666,-0.916102,-2.33258,-0.295099
SYN-VOICE-005,1,synthetic,-0.104671,-0.280088,0.325592,1.102257,-0.122483,-1.566207,2.207441,-0.205578,-2.232051,-1.215244,-1.839416,0.629394,1.283953,-0.616297,-2.140745,-0.249922
SYN-VOICE-005,2,synthetic,0.816887,-0.596569,0.255259,1.521538,-0.159959,-0.960078,1.421021,0.306862,-1.456386,-2.35736,-1.612103,0.093535,1.44573,-0.14154,-1.748495,-0.553684
SYN-VOICE-005,3,synthetic,0.24888,-0.884992,0.195343,1.866524,-0.61867,-1.094097,1.822555,-0.011977,-1.474903,-2.456042,-2.185012,0.887604,0.938718,-0.696242,-1.99367,-0.761089
SYN-VOICE-005,4,synthetic,0.727795,-0.37565,0.44133,2.295941,-0.730556,-0.825829,1.744736,-0.184035,-0.958274,-1.84905,-1.799259,0.720501,1.798396,-0.851661,-1.863188,-0.330285
SYN-VOICE-005,5,synthetic,-0.135049,-1.035021,-0.10603,1.760237,0.047814,-1.082794,1.804785,-0.364622,-1.182749,-1.80655,-1.099851,0.246338,0.829823,-0.344933,-1.663833,-0.096265
SYN-VOICE-006,0,synthetic,2.17769,0.065122,1.573178,1.151457,-1.734194,1.024356,0.718413,0.298825,-0.386442,0.927849,-1.743772,0.225731,-0.60543,1.84603,1.416591,-0.920684
SYN-VOICE-006,1,synthetic,2.146955,0.195705,2.096873,0.943743,-1.433721,0.752307,0.796073,0.605219,-1.078893,0.321521,-2.08609,0.064112,-0.161735,1.89897,1.753846,-1.143672
SYN-VOICE-006,2,synthetic,1.250099,-0.467046,1.976151,1.70127,-2.099686,1.126031,0.65378,0.149825,-0.498182,-0.601867,-1.47288,0.081426,-0.571933,2.201702,0.902553,-0.593338
SYN-VOICE-006,3,synthetic,2.243559,0.028355,2.238133,1.76537,-1.619273,1.020598,0.94641,0.765102,-1.479628,0.938805,-2.038229,-0.578267,-0.494412,1.284909,1.444037,-1.576411
SYN-VOICE-006,4,synthetic,1.817695,0.255484,1.955496,2.08282,-1.511878,1.27899,0.78561,0.166061,-0.98948,0.00207,-1.478153,-0.588344,-0.414108,1.291667,1.525414,-0.769019
SYN-VOICE-006,5,synthetic,2.261693,0.227474,1.924479,1.195242,-1.697668,0.44483,0.995336,0.067371,-0.335502,0.456342,-1.286068,-0.179975,0.050171,2.023685,0.703857,-1.412418
SYN-VOICE-007,0,synthetic,0.193808,-1.522276,1.292605,1.275626,-0.523389,0.58945,0.018873,-1.396113,0.989582,-0.133334,1.891869,0.032845,-2.053069,-0.524791,-1.866932,2.03775
SYN-VOICE-007,1,synthetic,-0.368689,-1.239367,1.21267,1.135271,-0.622404,0.567836,0.053806,-1.233624,1.034725,-0.42654,0.742487,0.456456,-2.113006,-0.301382,-1.620515,1.234761
SYN-VOICE-007,2,synthetic,0.559816,-1.214612,0.994337,1.14278,-0.79378,0.560381,0.128932,-0.471082,0.799004,0.524954,1.205919,0.528151,-1.972746,-1.00807,-1.511823,1.946089
SYN-VOICE-007,3,synthetic,0.081325,-1.246467,1.829775,1.750968,-0.343417,1.327747,0.20052,-1.933996,0.924301,-0.12195,1.170696,0.129553,-1.788441,-0.442324,-2.497871,1.6202
SYN-VOICE-007,4,synthetic,0.607291,-1.569628,1.205517,1.151169,-0.003436,0.338065,0.056429,-1.772551,1.418661,-0.440782,0.67082,0.023678,-1.714641,-0.767304,-2.537208,2.683121
SYN-VOICE-007,5,synthetic,-0.467399,-1.323912,1.620361,1.510552,-1.358313,0.261772,0.269611,-1.321828,1.14715,0.213737,1.427846,-0.251779,-1.800134,-1.326545,-1.48788,1.790896
SYN-VOICE-008,0,synthetic,1.668272,1.571027,-0.593533,-1.383914,1.444818,1.919963,-1.431203,-0.692635,-2.420998,0.829535,0.859887,-1.53247,0.056921,-0.21128,-1.055366,1.595059
SYN-VOICE-008,1,synthetic,1.660096,1.085681,-0.521337,-1.806882,1.431513,2.275287,-1.908134,-0.824345,-1.772944,1.202387,1.203062,-1.781741,0.12964,0.387307,-0.991546,1.56643
SYN-VOICE-008,2,synthetic,2.185712,1.278794,-1.124479,-1.911682,1.940798,1.881116,-2.001107,0.479386,-1.56389,1.282718,1.102508,-2.547077,-0.403033,0.131675,-1.296328,0.640538
SYN-VOICE-008,3,synthetic,1.743454,1.36944,-0.456363,-1.434893,1.680491,1.519949,-1.631079,-0.111732,-1.516738,1.171206,1.316068,-1.892739,0.405166,0.403593,-0.670736,1.222293
SYN-VOICE-008,4,synthetic,0.793124,1.398874,-0.668668,-1.503828,1.646101,1.555679,-1.647302,-0.196903,-1.615249,1.403594,0.777648,-1.521442,0.029672,0.271413,-0.781454,1.240027
SYN-VOICE-008,5,synthetic,1.175263,1.816805,-0.918554,-2.117239,1.510595,2.175436,-1.390508,-0.454434,-1.757831,1.354732,0.965275,-2.234769,-0.235268,0.544137,-0.901174,1.937656
SYN-VOICE-009,0,synthetic,-0.884408,-1.295546,0.659553,0.474003,-0.819919,-0.94055,2.489041,0.961886,-0.090579,0.121342,-1.794744,-1.565351,-0.560857,0.094664,-1.107308,-1.499444
SYN-VOICE-009,1,synthetic,0.255951,-1.087019,-0.0226,0.635082,-1.359137,-0.66028,2.073493,0.354078,-0.115563,0.672499,-1.872392,-0.768615,-1.052985,0.297822,-1.382287,-1.384037
SYN-VOICE-009,2,synthetic,0.058903,-0.960271,0.093338,0.905261,-0.238944,-0.737406,1.898315,0.749287,0.061706,0.28794,-1.046029,-1.55608,-1.226259,0.370095,-1.322603,-1.63915
SYN-VOICE-009,3,synthetic,-0.04999,-1.363909,-0.412876,0.934787,-1.20962,-1.408762,2.441009,0.854863,-0.185098,-0.41592,-1.761787,-1.272495,-0.802974,0.551539,-0.948773,-1.112827
SYN-VOICE-009,4,synthetic,0.780134,-0.635883,-0.630644,0.758198,-1.702237,-0.637681,1.969894,0.491391,-0.368476,-0.022835,-1.276859,-0.966208,-0.20615,-0.045358,-0.897541,-0.897658
SYN-VOICE-009,5,synthetic,-0.470074,-0.962959,-0.011786,1.220427,-1.030437,-1.614404,2.142889,1.102973,0.048436,0.962525,-1.216692,-1.524594,-0.658779,0.04046,-0.598014,-0.959464
SYN-VOICE-010,0,synthetic,-0.958812,0.621063,-0.459666,1.543433,1.487113,-1.570475,-1.225805,-0.065249,-1.267781,-1.85273,1.567963,0.73283,-0.229359,1.302039,0.789812,-1.156338
SYN-VOICE-010,1,synthetic,-1.943825,0.036529,-1.250961,1.983031,1.433861,-2.507327,-1.125932,0.267881,-0.760371,-1.423264,1.299496,0.302528,-0.482603,1.032359,0.850959,-1.032824
SYN-VOICE-010,2,synthetic,-1.974662,1.088012,-1.503819,2.221452,1.970477,-1.897528,-0.535429,1.065829,-1.078963,-1.552139,1.691413,-0.303012,-0.284036,1.359334,1.991887,-1.183623
SYN-VOICE-010,3,synthetic,-2.099977,0.977978,-0.83301,2.165026,1.345339,-1.274537,-1.059632,1.022798,-1.282286,-1.62867,1.619378,0.60873,-0.37612,1.361478,1.23581,-1.05976
SYN-VOICE-010,4,synthetic,-1.728206,0.11323,-0.996021,1.40022,1.584012,-1.723834,-0.143601,0.810149,-1.360677,-1.116282,1.546215,0.430358,0.649332,0.817298,0.783297,-1.223999
SYN-VOICE-010,5,synthetic,-2.167693,0.897951,-1.390663,1.379958,2.042635,-1.36041,-1.208607,0.417576,-1.17329,-1.929504,1.910592,0.378802,0.371723,1.341126,1.189901,-0.606252
SYN-VOICE-011,0,synthetic,-1.215661,-0.433401,-0.500572,0.078305,0.580702,1.018664,1.819974,-1.393835,-0.601642,-0.553943,1.146945,-1.353353,-0.778943,0.030853,-0.345897,-1.106428
SYN-VOICE-011,1,synthetic,-1.989562,-0.648282,-0.43587,0.439283,1.14172,0.765711,1.814269,-1.340869,-0.174429,-0.905706,1.249908,-1.11908,-1.217832,-0.653788,-0.771982,-0.894317
SYN-VOICE-011,2,synthetic,-2.048756,-0.156009,0.036771,0.279783,1.162886,0.791651,1.801242,-1.527474,-0.44603,-0.294833,1.318502,-1.323508,-1.068016,-0.63908,-0.310934,-1.304423
SYN-VOICE-011,3,synthetic,-1.990517,0.214656,-0.13269,-0.273438,1.692598,0.929651,1.478873,-1.593279,-0.743414,-0.537299,0.939692,-1.085333,-1.535613,-0.632037,0.021252,-1.159157
SYN-VOICE-011,4,synthetic,-1.484272,-0.405914,-0.217522,-0.058487,0.598098,0.56369,2.47222,-0.686945,-0.494944,-1.135086,1.47954,-0.946106,-0.741533,0.147835,-0.210874,-0.658206
SYN-VOICE-011,5,synthetic,-1.646744,-0.651261,-0.631319,0.338996,0.349658,1.305362,2.281502,-1.280551,-0.651648,-0.504325,1.689586,-0.981697,-1.753211,-0.037819,-0.311873,-0.533265
SYN-VOICE-012,0,synthetic,-1.336171,1.634993,-0.466719,1.581162,0.15997,-1.782006,1.886727,0.888857,1.695464,1.266606,1.022999,-1.998306,-0.301983,-1.412403,-0.506185,-1.990684
SYN-VOICE-012,1,synthetic,-1.245363,1.168171,-0.78625,1.806655,0.04322,-2.373764,2.384806,1.266734,2.201622,1.852808,0.754994,-1.228757,0.169332,-0.968141,-0.71593,-1.956421
SYN-VOICE-012,2,synthetic,-1.371613,1.448083,-0.598558,1.331205,0.306141,-2.51126,1.708554,1.403258,2.209131,1.591757,0.995622,-0.715994,0.045694,-0.867417,-0.90745,-2.176633
SYN-VOICE-012,3,synthetic,-0.735333,2.111089,-0.02263,1.483463,-0.087239,-1.964758,2.143955,1.064604,2.116458,1.600939,0.860807,-1.037358,0.127815,-1.367259,-0.507184,-2.08647
SYN-VOICE-012,4,synthetic,-1.140467,2.12179,-0.19408,1.260812,0.143947,-1.418095,1.997815,1.549619,1.790679,2.322745,1.514404,-0.912289,-0.570811,-1.321216,0.00271,-1.795815
SYN-VOICE-012,5,synthetic,-0.501417,1.033354,-0.142951,1.29441,-0.179384,-2.021649,1.756046,0.949524,1.587179,1.923452,1.44239,-1.757852,-0.454833,-0.848262,-1.001014,-1.958484
SYN-VOICE-013,0,synthetic,-0.289118,1.738295,-0.799609,0.983641,0.006912,-0.063441,1.148582,2.110103,0.008664,1.139597,-1.265604,-1.119502,2.090937,0.507696,0.426956,1.71362
SYN-VOICE-013,1,synthetic,-0.886532,1.754087,-0.79244,1.824091,0.278398,0.138418,1.71775,2.610736,-0.172158,0.946674,-1.014214,-0.47524,2.25407,0.227078,-0.4242,0.879666
SYN-VOICE-013,2,synthetic,-0.045636,2.218511,-1.575555,1.625099,-0.222369,-0.181254,2.407263,1.900956,0.485865,0.692527,-0.710587,-0.837072,1.862662,1.110604,-0.056213,1.069633
SYN-VOICE-013,3,synthetic,-0.127374,1.432419,-1.060342,1.004123,0.558778,-0.392292,2.765312,1.426771,-0.073387,1.413972,-1.487546,-0.232728,1.601848,0.061229,-1.082407,0.646162
SYN-VOICE-013,4,synthetic,-0.816628,1.725382,-0.744132,1.474471,0.24342,-0.467095,0.857162,1.778853,0.129292,0.232813,-1.881163,-0.629349,2.124402,-0.444641,0.079309,0.972169
SYN-VOICE-013,5,synthetic,-0.723687,2.297221,-0.662947,1.234591,-0.22454,-0.269028,1.222129,2.354529,0.046095,-0.141437,-1.543409,-1.624551,1.754242,1.088278,0.444749,0.905899
SYN-VOICE-014,0,synthetic,-2.113695,0.963528,0.278121,0.940846,-1.09333,1.58075,-1.428899,-1.300747,0.346381,0.61252,-0.927518,-1.51802,0.961012,-1.155014,0.667375,0.108981
SYN-VOICE-014,1,synthetic,-2.287848,0.92038,-0.614301,1.386778,-1.113564,1.79059,-2.191339,-0.765687,-0.279483,0.355222,-0.419541,-1.44718,1.312088,-1.445703,0.575009,0.725618
SYN-VOICE-014,2,synthetic,-1.464635,0.15879,0.289555,1.240064,-1.753104,1.486786,-1.396198,-0.650104,0.50967,0.862031,-0.952797,-1.18878,1.566112,-1.014422,0.213673,-0.034283
SYN-VOICE-014,3,synthetic,-1.817917,0.271648,-0.545237,1.478616,-1.314007,2.101552,-1.641465,-1.158158,0.652805,0.259002,-1.030639,-1.146053,1.961564,-0.440108,0.789606,0.439307
SYN-VOICE-014,4,synthetic,-1.679491,0.573498,-0.713044,1.277421,-1.128839,2.245918,-1.922416,-1.194816,0.640872,0.623686,-0.801648,-1.879249,1.25254,-0.453461,-0.26369,0.630993
SYN-VOICE-014,5,synthetic,-1.706945,0.685134,0.264888,1.158252,-1.556656,1.325479,-2.137016,-1.446633,0.235418,1.015486,-1.094586,-1.763731,2.046246,-0.445836,0.378181,0.688529
SYN-VOICE-015,0,synthetic,-0.523586,0.240655,0.094145,1.995408,-1.820481,0.79302,-1.115744,-0.636421,0.520127,-0.754592,-1.012901,1.512631,-1.553709,-0.535781,1.615032,1.780555
SYN-VOICE-015,1,synthetic,0.093678,1.030039,0.029812,2.268561,-0.934817,1.322847,-1.13803,-0.106293,1.113163,0.084869,-0.504567,0.936849,-2.0669,-0.189291,2.908169,2.045747
SYN-VOICE-015,2,synthetic,-0.282615,0.207046,0.046709,1.712888,-1.344692,1.061928,-0.932427,-0.228531,1.263539,-0.845253,-0.547043,0.928496,-1.871921,-0.026802,1.652316,2.000874
SYN-VOICE-015,3,synthetic,-0.080144,0.733659,0.356206,1.911684,-1.518647,0.819629,-0.847526,-0.014704,1.233775,-1.161293,-0.878459,0.444586,-1.174298,0.121896,1.518055,1.753743
SYN-VOICE-015,4,synthetic,-0.321869,-0.185692,0.289434,1.605192,-1.235772,1.36626,-1.463,-0.624214,0.646206,-0.666937,-0.653362,1.825117,-2.099478,-0.573619,1.85767,1.713154
SYN-VOICE-015,5,synthetic,0.076534,0.56022,-0.18443,1.514085,-1.712045,1.864189,-1.482102,-0.436014,0.919724,-0.68437,-0.758272,1.212949,-1.984104,-0.486312,1.933817,1.266078
SYN-VOICE-016,0,synthetic,-1.854128,-1.116298,-1.084489,1.969352,2.006627,1.694419,-0.070582,-2.041896,0.542883,0.461189,0.795674,2.136557,0.517263,-2.055468,0.747198,-0.521278
SYN-VOICE-016,1,synthetic,-1.681571,-0.935064,-0.527045,2.031529,1.168239,1.764528,-1.220387,-0.750434,1.248967,0.763666,0.370457,3.079014,0.882867,-2.576525,0.737325,-0.650144
SYN-VOICE-016,2,synthetic,-1.103185,-1.795051,-0.976058,1.058828,2.315594,1.536798,-0.82589,-1.25447,1.70817,0.768659,0.525305,2.107809,0.55256,-1.775327,1.81521,-0.582016
SYN-VOICE-016,3,synthetic,-1.657632,-1.430215,-1.330348,1.086286,1.903798,1.520255,-0.807744,-1.492153,0.902332,0.822989,0.811598,2.208055,0.467154,-2.368188,1.15994,-0.73768
SYN-VOICE-016,4,synthetic,-1.653784,-1.011661,-1.306424,1.570628,1.353233,1.771921,-1.282451,-1.731233,1.359856,0.674486,0.351724,1.779194,1.022462,-2.056668,1.651276,-0.399043
SYN-VOICE-016,5,synthetic,-1.902014,-0.947018,-0.967237,1.612464,1.469519,1.387993,-0.597351,-0.994135,1.281253,0.865224,0.030354,1.584919,1.405418,-1.336699,0.839222,-1.004892
SYN-VOICE-017,0,synthetic,0.237311,1.516213,-1.34657,-1.704763,-2.105252,0.263096,-1.069408,0.140957,1.002479,-1.383607,0.772761,-1.264311,0.552545,1.829473,1.366985,-1.092908
SYN-VOICE-017,1,synthetic,0.940209,1.679495,-1.667063,-1.113551,-1.773337,0.45755,-0.780207,0.594641,1.195026,-1.270151,0.913595,-0.809742,0.047521,2.044153,1.567071,-0.973895
SYN-VOICE-017,2,synthetic,0.700961,1.874598,-1.198758,-1.619837,-1.354545,0.750565,-1.400305,0.475762,0.78724,-1.148395,0.041696,-0.611066,0.249372,1.428242,0.941387,-1.746828
SYN-VOICE-017,3,synthetic,0.522681,2.107446,-1.691072,-1.380635,-1.377375,0.557577,-0.256802,0.493956,0.449922,-1.081446,0.741889,-0.770135,0.003714,1.313458,1.06858,-1.823646
SYN-VOICE-017,4,synthetic,0.831703,1.750614,-1.545931,-1.158854,-1.705605,0.800761,-0.367811,0.527091,0.731213,-1.027992,0.528865,-0.359311,0.598134,1.415565,1.243791,-1.249399
SYN-VOICE-017,5,synthetic,0.751659,1.19445,-1.771252,-0.938937,-1.383799,0.314262,-0.81345,0.356942,0.633966,-1.362283,0.54094,-1.75355,-0.518488,1.936584,1.426299,-1.802007
SYN-VOICE-018,0,synthetic,-0.081592,-0.383405,-1.8369,0.685349,0.458067,-1.19016,1.461873,0.582075,0.014381,-1.71379,-1.352451,1.911317,1.566834,-0.609262,1.667699,0.139046
SYN-VOICE-018,1,synthetic,-0.29689,-1.146912,-1.773927,1.219341,0.336171,-0.753871,1.151549,0.196824,0.067961,-1.569853,-1.582187,1.714288,1.504319,-0.304764,1.232439,0.475478
SYN-VOICE-018,2,synthetic,-0.287916,-0.714174,-1.951487,1.133164,1.057032,-1.130081,0.60738,-0.041086,-0.424925,-1.974113,-1.455996,1.404071,1.265043,0.125925,1.783302,0.092684
SYN-VOICE-018,3,synthetic,-0.1996,-1.096638,-2.092162,1.658801,0.871139,-1.488972,1.292159,0.389561,-0.573131,-2.450438,-1.605127,1.281223,1.494931,-0.196133,1.659619,0.295151
SYN-VOICE-018,4,synthetic,-0.896269,-1.057198,-2.15054,1.038662,0.469778,-1.354822,1.616344,0.399388,-0.402725,-2.080734,-1.627304,1.335008,1.705401,-0.03908,1.415724,0.278177
SYN-VOICE-018,5,synthetic,-0.598404,-0.717694,-1.335454,1.489976,0.501809,-0.481107,1.606617,-0.076054,-1.002028,-1.777154,-2.065517,1.889529,1.176897,0.699803,1.467095,0.46868
SYN-VOICE-019,0,synthetic,-1.946476,-2.260593,-0.507371,1.749346,1.347596,1.718485,1.496392,-0.632879,-1.04034,-1.767523,1.265891,1.635218,-0.518575,0.367967,-1.413759,1.004487
SYN-VOICE-019,1,synthetic,-1.108377,-0.910408,-1.088469,1.506976,0.969897,1.292977,1.726516,-1.461612,-0.482775,-1.550345,0.740869,2.020048,0.379536,-0.020741,-1.258881,1.929197
SYN-VOICE-019,2,synthetic,-2.01999,-1.83783,-1.150012,1.639532,1.768725,1.179918,1.367556,-1.036803,-1.193073,-1.298689,1.338881,1.596906,0.262127,0.094481,-1.750365,1.840429
SYN-VOICE-019,3,synthetic,-1.862494,-1.506526,-0.802679,1.44347,1.898305,1.683491,1.618883,-0.747956,-0.680682,-1.596736,0.509488,1.550085,-1.002665,0.714819,-0.587093,1.359703
SYN-VOICE-019,4,synthetic,-1.247693,-1.23744,-1.52406,0.631222,0.845128,1.344942,1.318352,-1.292952,-0.670137,-1.963649,1.382314,2.215341,0.563628,0.833574,-1.386398,2.077721
SYN-VOICE-019,5,synthetic,-1.832885,-1.736945,-0.639245,2.268377,1.633092,1.333125,1.744368,-1.450982,-1.119043,-1.862312,1.179528,1.283893,-0.533421,0.510838,-1.503509,1.409745
SYN-VOICE-020,0,synthetic,0.811515,2.116366,1.163573,1.774595,-2.311971,1.217656,-1.47678,2.038487,0.681543,1.724069,1.514367,-1.308689,1.509826,-1.29889,1.220533,1.82274
SYN-VOICE-020,1,synthetic,1.377966,2.067355,0.878811,1.10427,-2.164751,0.930625,-0.242645,1.501045,1.704916,1.540253,1.380208,-0.451644,0.872955,-1.700042,1.419451,1.619467
SYN-VOICE-020,2,synthetic,1.579747,2.406107,1.239128,1.22122,-1.700683,0.631389,-0.786512,1.245294,1.149445,1.737239,0.887614,-0.593151,0.992313,-2.201701,1.267266,1.399201
SYN-VOICE-020,3,synthetic,1.633546,1.646361,0.99938,1.066147,-1.407865,1.132248,-0.037589,1.870394,2.049315,1.439757,1.349055,-0.776838,1.55054,-1.542008,0.895003,1.493124
SYN-VOICE-020,4,synthetic,0.953278,2.233516,0.653511,1.284019,-2.729737,0.794643,-0.672351,1.767687,1.59091,1.591229,0.73398,-0.673005,1.325534,-1.252023,0.642924,1.138423
SYN-VOICE-020,5,synthetic,1.483093,1.38887,0.804384,2.238772,-2.402177,0.616952,-0.402291,1.53546,1.62554,1.397661,0.722104,-0.896641,0.820548,-1.487654,1.374233,1.155045
SYN-VOICE-021,0,synthetic,-1.239822,0.953482,-0.062976,-1.104718,0.737225,-0.556632,-1.72449,-1.911428,-0.98723,1.519251,1.909279,-1.166143,0.403216,-0.823763,1.642548,0.376455
SYN-VOICE-021,1,synthetic,-1.764367,0.955782,-0.004408,-0.582649,0.921463,-1.444687,-2.22606,-0.959244,-0.730223,1.488316,1.413087,-1.087193,0.981877,-0.244956,1.915156,0.303061
SYN-VOICE-021,2,synthetic,-1.272375,1.757604,-0.476948,-0.560932,1.259395,-0.820414,-1.76963,-0.925201,-0.940127,1.576496,1.397672,-1.130442,-0.055623,-0.74513,2.133244,-0.850998
SYN-VOICE-021,3,synthetic,-1.322134,1.524827,0.806022,-0.656053,1.356917,-1.471069,-2.015755,-0.7016,-0.871221,0.720975,2.218149,-0.105406,0.607241,-0.58853,1.671899,0.401042
SYN-VOICE-021,4,synthetic,-1.176464,1.617657,-0.951361,-0.265372,1.372385,-1.479568,-1.832542,-0.831125,-0.270375,1.974947,1.667791,-0.573632,0.767313,-0.421336,2.498667,0.304672
SYN-VOICE-021,5,synthetic,-0.863788,1.240175,-0.518258,-0.906615,0.467503,-0.782852,-1.717493,-1.573054,-0.128617,1.720431,2.210408,-0.592397,0.655851,-0.305066,1.760391,0.5305
SYN-VOICE-022,0,synthetic,2.264496,-1.372391,1.82397,-1.847749,1.618321,-0.649927,-2.235594,0.362446,1.351669,-0.67571,0.518887,-0.027302,-0.895895,0.765355,-0.140559,1.018163
SYN-VOICE-022,1,synthetic,2.071834,-1.539563,1.878368,-1.034573,2.474632,-1.330256,-2.349863,-0.238893,1.008928,-0.393522,0.014813,-0.218003,0.037215,0.717767,-0.984545,1.066556
SYN-VOICE-022,2,synthetic,1.709077,-2.007003,1.470573,-1.533073,1.162433,-1.36673,-1.723847,-0.090409,1.183442,-0.639301,-0.48279,-0.084691,-0.168629,0.512917,-0.372154,0.678448
SYN-VOICE-022,3,synthetic,1.250566,-2.165691,2.35257,-1.00699,2.029463,-1.178092,-1.507655,-0.237643,1.646484,-0.83881,1.151258,0.512949,-0.575657,0.152584,-0.874436,0.79319
SYN-VOICE-022,4,synthetic,1.856799,-1.718344,1.633712,-1.33455,1.256189,-0.983138,-1.165859,-0.574762,0.868123,-0.294061,0.110584,0.000414,-0.680653,0.541188,-0.920331,0.864053
SYN-VOICE-022,5,synthetic,1.934362,-1.43305,1.548594,-1.071407,2.192031,-0.771593,-1.390337,-0.158678,1.047113,-0.790234,0.891687,0.186148,-0.687349,0.547391,-1.044575,0.843335
SYN-VOICE-023,0,synthetic,-2.018383,1.570283,0.416669,1.402537,0.583453,0.555585,-0.348573,-1.590158,0.330262,-0.837836,-0.800118,1.218842,1.086087,-0.563825,-0.719778,-0.159716
SYN-VOICE-023,1,synthetic,-1.559291,1.60853,0.207371,1.356336,0.554157,0.239599,-0.801263,-2.325261,0.718094,-0.388325,-0.384383,0.632752,0.688515,-1.228726,-0.407045,-0.516295
SYN-VOICE-023,2,synthetic,-2.072766,1.443198,0.196844,0.404794,1.347156,0.549151,-0.502682,-1.523933,-0.203772,-0.740387,-0.109398,1.445156,0.189251,-0.396309,-0.746281,-0.498681
SYN-VOICE-023,3,synthetic,-1.847977,1.522268,0.201018,0.803128,0.860257,0.510085,-0.21865,-1.364361,0.423652,-0.010664,-1.115016,1.669817,1.006988,-1.006175,-1.272811,-0.681399
SYN-VOICE-023,4,synthetic,-1.576921,1.895679,0.21235,1.080242,1.368397,0.902895,-0.067466,-1.537132,0.203418,-0.653431,-0.438299,1.048149,0.953376,-1.298444,-0.279792,0.51539
SYN-VOICE-023,5,synthetic,-2.115257,2.144051,-0.128109,1.012822,1.146036,0.327535,-0.52838,-1.003676,0.816951,-0.624073,-0.581176,1.363271,1.074127,-0.702191,-1.042647,-0.508772
SYN-VOICE-024,0,synthetic,-0.707282,-0.319986,-1.315688,-0.693507,1.912582,0.468,1.401578,0.717407,-0.605483,0.658411,-1.082727,-1.303161,-0.100926,0.428862,0.944778,-0.21913
SYN-VOICE-024,1,synthetic,-0.050802,-1.239946,-1.571986,-0.196561,1.60639,0.548537,1.537394,0.925825,-1.070983,0.591426,-1.677704,-1.035033,-0.851393,0.250125,1.120078,-0.255684
SYN-VOICE-024,2,synthetic,-0.683166,-0.913903,-1.22135,0.010956,1.503244,-0.021373,1.336899,0.050543,-0.777335,0.561272,-2.495796,-1.157466,-0.501539,0.188781,1.276691,0.390007
SYN-VOICE-024,3,synthetic,-0.425406,-0.522299,-2.453748,-0.339369,1.700742,1.046375,2.133158,-0.056224,-0.695943,0.715951,-2.000061,-0.694521,-0.228532,0.188253,0.753321,-0.41419
SYN-VOICE-024,4,synthetic,0.024973,-0.732646,-1.395404,0.68745,1.562161,0.184718,1.55456,0.365643,-1.303384,0.476244,-1.587075,-0.670501,-0.501943,0.118982,0.925512,0.315272
SYN-VOICE-024,5,synthetic,-0.310437,-1.228878,-1.224415,-0.796516,2.113227,0.880888,1.645571,0.042468,-0.662035,0.141384,-1.852845,-0.979432,-0.82334,0.414361,0.415901,-0.477501
SYN-VOICE-025,0,synthetic,-0.198834,-0.712594,-0.245537,1.537561,1.413215,-1.342485,-1.842581,-0.387382,0.145131,-0.178729,0.83611,0.746638,0.665062,-0.830496,-0.845618,-1.615088
SYN-VOICE-025,1,synthetic,-0.12413,-1.177103,-0.127402,1.957322,0.680211,-1.594884,-1.060843,-0.627601,0.101601,-1.055246,2.058575,0.846549,0.629369,-1.855608,-1.312092,-1.566153
SYN-VOICE-025,2,synthetic,-0.367537,-1.551939,-0.44214,1.433553,1.569962,-1.350776,-1.785607,0.004451,0.108078,-0.729638,1.664535,1.101805,0.618317,-1.009803,-0.871417,-1.154884
SYN-VOICE-025,3,synthetic,-0.948092,-1.339504,0.8948,0.993923,1.333415,-1.610372,-1.30306,0.395557,0.43258,-0.355075,1.334026,1.467714,0.67645,-1.14353,-1.679333,-1.785901
SYN-VOICE-025,4,synthetic,-0.519503,-1.032158,-0.315965,1.78461,0.943056,-1.561616,-2.461982,0.235174,0.779404,-0.647839,0.725407,0.931135,1.178912,-1.226761,-1.086506,-1.856362
SYN-VOICE-025,5,synthetic,-0.257106,-0.959349,0.15839,1.924069,0.86024,-1.427339,-1.782476,0.163223,0.639768,-0.557164,1.551719,1.458984,0.970688,-0.66605,-1.437582,-1.936385
SYN-VOICE-026,0,synthetic,-1.082361,-0.046011,0.972549,-1.980631,-0.34818,-0.032907,-0.453652,0.828221,-0.057047,-0.729686,1.104815,-1.904098,1.246172,0.877522,-1.500138,-0.735192
SYN-VOICE-026,1,synthetic,-0.494123,0.524313,1.324713,-2.008147,-0.304585,0.357203,-1.550318,0.65863,-0.683843,-0.865635,1.001819,-2.381057,0.663053,1.535681,-1.276315,-0.164097
SYN-VOICE-026,2,synthetic,-0.88492,-0.408076,1.222821,-1.992289,-0.56862,0.833437,-0.731406,1.078192,0.004143,-0.616295,0.35236,-2.137599,1.10529,0.88499,-1.976981,-0.160768
SYN-VOICE-026,3,synthetic,-0.987708,0.251322,1.529047,-1.846243,-0.779503,0.584518,-1.347272,0.530794,0.517695,-1.125668,0.155897,-1.743467,1.405056,1.349338,-1.327827,-0.710509
SYN-VOICE-026,4,synthetic,-1.122491,-0.401641,1.107787,-1.827464,-0.304133,0.542827,-1.384259,0.881579,0.231339,-0.736276,0.156838,-2.070488,0.853292,1.2107,-1.316769,0.221223
SYN-VOICE-026,5,synthetic,-0.842722,0.113822,1.298498,-2.243073,0.015357,0.954433,-1.140442,0.510631,-0.006338,-0.970768,0.391249,-2.102531,1.396892,0.845463,-1.288231,-0.641088
SYN-VOICE-027,0,synthetic,-1.753422,0.936478,-0.142723,-2.109467,-0.840768,1.257744,0.398014,0.884744,0.525865,1.556759,-0.2287,2.159876,1.305679,0.528858,1.622482,-0.619665
SYN-VOICE-027,1,synthetic,-1.297204,1.563685,-0.547825,-2.012143,-0.465115,1.125286,-0.248098,1.19161,0.157497,1.634085,0.451084,2.405188,1.553323,0.812846,0.933905,0.459413
SYN-VOICE-027,2,synthetic,-0.707655,1.494971,-0.234218,-2.500793,-1.092251,1.641935,-0.890633,1.360966,0.68833,2.254449,0.66898,2.650868,1.793382,0.356997,0.922015,-0.415816
SYN-VOICE-027,3,synthetic,-0.819515,1.465016,0.319227,-1.282526,-1.076948,1.821267,0.239203,1.002255,0.888192,1.66981,0.607428,2.060298,1.588295,0.444057,1.128373,0.349666
SYN-VOICE-027,4,synthetic,-1.677626,2.373035,-0.535522,-1.909538,-1.300188,1.032196,0.066284,1.375757,0.518934,1.659365,0.466928,1.866852,1.69536,0.964046,1.065652,-0.38241
SYN-VOICE-027,5,synthetic,-1.04454,1.923616,-0.063094,-2.1535,-0.736869,0.626281,-0.216913,1.351779,0.823578,1.853148,-0.077077,2.005588,1.501786,0.326613,1.542799,-0.385075
SYN-VOICE-028,0,synthetic,1.820212,-0.092549,1.825865,0.995024,-0.46705,-0.717079,-0.129025,0.53053,1.139271,0.067689,0.075602,-0.649349,-1.315197,-1.113964,-0.327677,-0.346901
SYN-VOICE-028,1,synthetic,1.79748,0.057279,1.537833,1.613397,-0.283126,-1.476741,-0.544806,0.651084,0.890863,-0.047458,0.506448,-1.605203,-1.539468,-0.98347,-0.806363,-0.347715
SYN-VOICE-028,2,synthetic,1.273569,0.41312,1.969777,0.963356,-0.320657,-0.168611,-1.267074,0.635854,1.24106,-0.468433,0.9102,-0.475246,-1.432953,-0.4446,-0.882211,-0.643515
SYN-VOICE-028,3,synthetic,1.232772,-0.078379,1.204562,0.474815,-0.482673,-1.572201,-1.110743,0.580268,1.164679,0.437498,0.469913,-0.434759,-2.435113,-0.972967,-0.967496,-0.661841
SYN-VOICE-028,4,synthetic,1.214907,0.447025,1.630385,0.832874,0.019433,-0.90002,-0.619806,0.598643,0.68197,0.236755,0.76034,-0.94791,-1.561651,-0.54264,-1.43048,-0.191235
SYN-VOICE-028,5,synthetic,0.605009,0.014142,1.748885,1.254811,0.134556,-0.775088,-0.836023,0.78837,0.74343,-0.063845,-0.004672,-0.368287,-1.796489,-0.438621,-0.70293,-0.338481
SYN-VOICE-029,0,synthetic,0.03696,-0.584965,-1.035388,1.104453,0.806358,-1.291985,-0.248675,-0.342145,0.419067,-1.114444,-0.559102,1.453465,-0.093482,1.007956,1.142283,0.959489
SYN-VOICE-029,1,synthetic,-0.234849,-1.479214,-1.448274,1.31975,0.963082,-2.164215,-0.304545,0.208306,0.33371,-0.868707,-0.638435,1.539891,-0.221685,0.549503,1.653399,1.111625
SYN-VOICE-029,2,synthetic,0.243051,-1.106122,-0.884667,0.830218,1.295588,-1.202299,-0.418408,-0.476159,-0.745992,-1.530435,0.173225,1.764917,0.005011,0.948227,1.954762,0.969198
SYN-VOICE-029,3,synthetic,0.121616,-1.665428,-1.624021,0.244018,1.322444,-1.550023,-1.080862,-0.021684,-0.513992,-0.735812,-0.399854,1.911384,0.658831,0.862605,1.820662,1.413491
SYN-VOICE-029,4,synthetic,-0.582023,-1.924544,-0.834543,0.579072,0.317219,-2.001725,0.124191,-0.130347,-0.170669,-0.909479,-0.160129,1.125596,0.140656,0.427008,1.983186,0.762683
SYN-VOICE-029,5,synthetic,0.186372,-1.861727,-1.476439,0.823475,0.159781,-1.643476,-0.476495,-0.019146,-0.621496,-1.488738,-0.628277,1.23158,0.159006,0.507849,2.00397,1.66056
